,correlation,log10
train,0.5252391179885901,0.9036631007880709
test,0.5234709389644903,0.83856897206297
