,correlation,log10
train,0.5780236311145559,0.837623339163309
test,0.4921342983516404,0.879627654350087
