,correlation,log10
train,0.5503241640098387,0.839713694855677
test,0.5362282608343126,0.832779970672933
