,correlation,log10
train,0.7430307853358845,0.5112174023927374
test,0.7087012665346888,0.5686645449505581
