,correlation,log10
train,0.6638514796300723,0.5419750396692165
test,0.663362673341999,0.5865278165815744
