,correlation,log10
train,0.6927400645623542,0.5169431191263638
test,0.6357016625567076,0.5961492327277219
