,correlation,log10
train,0.7279495609973002,0.5478896009176561
test,0.6475104688260198,0.6979112205271742
