,correlation,log10
train,0.7700944394775756,0.5214740044222804
test,0.7404906322713593,0.5965393883205207
