,correlation,log10
train,0.6743449671549046,0.5162191351173068
test,0.677541518796809,0.5259488560749086
