,correlation,log10
train,0.719776303639091,0.5600850062740509
test,0.6452829992210116,0.6211561084838956
