,correlation,log10
train,0.6792114571269698,0.5964915605972797
test,0.6468580943407567,0.6424082003668136
