,correlation,log10
train,0.6282701290063724,0.5479451080298873
test,0.6087278080344624,0.5675728473546789
