,correlation,log10
train,0.690526552214361,0.5349099420336442
test,0.6249940836112047,0.5883651554905008
