,correlation,log10
train,0.7076433084563664,0.5356195755362824
test,0.6365280621393199,0.6192054975572269
