,correlation,log10
train,0.7335461736533778,0.4894560510605743
test,0.666658465339329,0.5879085054155312
