,correlation,log10
train,0.7000514712136288,0.5555265929942096
test,0.6744178547846007,0.5789864401059276
