,correlation,log10
train,0.6930772200679826,0.5116954528906573
test,0.6954600260459743,0.5450433838227415
