,correlation,log10
train,0.6648937863800626,0.5253574603703852
test,0.6597559264136579,0.5693548632851616
