,correlation,log10
train,0.7155233247280071,0.5366166501614705
test,0.6417522909600928,0.6134917268188919
