,correlation,log10
train,0.6424242424386135,0.5555432906552163
test,0.6079865250294695,0.5754927771256796
