,correlation,log10
train,0.6822599226449636,0.5348218128087868
test,0.6359033761064704,0.5940804284905988
