,correlation,log10
train,0.783444468697672,0.5064306610868863
test,0.7351078173533048,0.6004791415592217
