,correlation,log10
train,0.7190494231760229,0.5730800655136367
test,0.7091137998744179,0.6145889355034999
