,correlation,log10
train,0.7178048455702758,0.5064493725485728
test,0.6790511297994912,0.5625061445177386
