,correlation,log10
train,0.7373813092044799,0.5639813406436839
test,0.6866760451358079,0.6154369374807942
