,correlation,log10
train,0.7192015614943726,0.49585931409682743
test,0.6958261611176101,0.5338294045004686
