,correlation,log10
train,0.6748736074511474,0.5254964303149069
test,0.6191540286013112,0.5862868724470574
