,correlation,log10
train,0.7302245177143203,0.4855750453049087
test,0.6788729240584296,0.5758156093560147
