,correlation,log10
train,0.6905318601506776,0.5468890231457095
test,0.6221582425533332,0.6110710066693273
