,correlation,log10
train,0.6635813449773238,0.5967279021328661
test,0.6121698821981182,0.6741319131124338
