,correlation,log10
train,0.722429629532929,0.5533772943605603
test,0.6742969739006288,0.6434836230697812
