,correlation,log10
train,0.6990451450735766,0.5064087677978223
test,0.6490379992313972,0.5851623835414816
