,correlation,log10
train,0.719537897109977,0.5442724921024045
test,0.7132142920181281,0.5551833706015236
