,correlation,log10
train,0.754636905144154,0.5449396121198317
test,0.6745095832978488,0.6314955017613334
