,correlation,log10
train,0.6522500670929202,0.5520974302886495
test,0.6133971407481309,0.5720358794103214
