,correlation,log10
train,0.7911957970673228,0.5023753401576401
test,0.6883881680902033,0.601334812997852
