,correlation,log10
train,0.6755035068321877,0.522894731281951
test,0.5865116094093609,0.5810987784749115
