,correlation,log10
train,0.7110094369447396,0.5145542383098849
test,0.6979980356957664,0.5428142825103275
