,correlation,log10
train,0.6687507186733571,0.5490207803594013
test,0.6564489370651541,0.6142496282356226
