,correlation,log10
train,0.7106283327059294,0.5458032826814336
test,0.6930496943653897,0.5744344353158616
