,correlation,log10
train,0.737845839239242,0.5300003670517659
test,0.6512848809213909,0.6286122321297415
