,correlation,log10
train,0.6372055796191795,0.557330526850383
test,0.6144825651031854,0.560751440856491
