,correlation,log10
train,0.6938585218046655,0.5679831625219518
test,0.6666479275020837,0.5818460842792519
