,correlation,log10
train,0.7553618238629957,0.4796725607721998
test,0.7201064994904471,0.5401793557510298
