,correlation,log10
train,0.7168490323432732,0.5325892383032136
test,0.727655566347972,0.642916220918432
