,correlation,log10
train,0.6484843420849503,0.5713174780352437
test,0.5914527332576234,0.6002179304366341
