,correlation,log10
train,0.6446109513818563,0.5346526333636478
test,0.6047489894901714,0.5688568498386772
