,correlation,log10
train,0.6932881624378368,0.5536808577394677
test,0.6336702328559289,0.696523126667325
