,correlation,log10
train,0.6859844090156595,0.4964116278702789
test,0.6428932742341154,0.5791143050220338
