,correlation,log10
train,0.6876283918598742,0.568941780049942
test,0.6743420844884052,0.5876735527680572
