,correlation,log10
train,0.7004990203404167,0.5169064362375793
test,0.6855552518692133,0.5999274848123839
