,correlation,log10
train,0.6896442071269946,0.5118603172427779
test,0.647710087790703,0.5615967679280273
