,correlation,log10
train,0.7376799847405866,0.5143893865701128
test,0.7009373600252983,0.5949575261254046
