,correlation,log10
train,0.7085771471764698,0.5141576885332083
test,0.6621722992381568,0.5751552514239813
