,correlation,log10
train,0.6750698671661218,0.5205352809970241
test,0.6598065493088766,0.5586290800872395
