,correlation,log10
train,0.6843353755317941,0.5799485273860665
test,0.6538243666184397,0.6067711734303174
