,correlation,log10
train,0.7301906837811026,0.5174911853447665
test,0.6955295831841846,0.5658363391726199
