,correlation,log10
train,0.7107143459767484,0.5342014524330424
test,0.6202024415865568,0.63437196261188
