,correlation,log10
train,0.7006282651007256,0.4945803871515862
test,0.6843368455024946,0.5403768977886252
