,correlation,log10
train,0.5800826614959684,0.5968872953918053
test,0.5757380191630258,0.6232577384104648
