,correlation,log10
train,0.6944914457239475,0.5744043807367969
test,0.656754157437726,0.6150411571079905
