,correlation,log10
train,0.7292628214582043,0.5180120664524017
test,0.730739180549349,0.5571970733378954
