,correlation,log10
train,0.7302659211791794,0.5322628430512018
test,0.666470869743152,0.6149019152842486
