,correlation,log10
train,0.6378275857866635,0.5821835147824823
test,0.6196274308427745,0.6471003431505716
