,correlation,log10
train,0.6799471239813505,0.5546073656190941
test,0.6697446294981393,0.5946648052364218
