,correlation,log10
train,0.7347842233525997,0.5388594456648357
test,0.6468125467737209,0.6228507792378214
