,correlation,log10
train,0.7301064813320632,0.505133892297573
test,0.6727179322317313,0.5848817415726826
