,correlation,log10
train,0.6296014478823054,0.5684643713656528
test,0.5403783528583509,0.6385342837127885
