,correlation,log10
train,0.6396016680620848,0.5699560513590833
test,0.5956514455556825,0.6184414423219375
