,correlation,log10
train,0.695921295094316,0.5153340640102626
test,0.63386912607485,0.5879702630378102
