,correlation,log10
train,0.7086032913216999,0.49680901726827736
test,0.5630816324375205,0.6101792734676525
