,correlation,log10
train,0.6931639723955559,0.5201259756288948
test,0.6366519494875322,0.5608585913169114
