,correlation,log10
train,0.7047166395102781,0.5201769391266314
test,0.6448743910034649,0.5748725117166565
