,correlation,log10
train,0.6986790260839771,0.5316922880262267
test,0.6932136868913173,0.564745287148651
