,correlation,log10
train,0.71750611546919,0.5269812279827152
test,0.6873841206435011,0.568437579565585
