,correlation,log10
train,0.6072435035967395,0.5542123491019615
test,0.5801482524026405,0.5998615743371303
