,correlation,log10
train,0.6586736098781917,0.5882601571943888
test,0.6513105558677399,0.5859784808438171
