,correlation,log10
train,0.6997691365815115,0.5275320353234131
test,0.696848009077262,0.5434519766100945
