,correlation,log10
train,0.6618879822309395,0.5221224365112551
test,0.6265226014497741,0.5661157157166298
