,correlation,log10
train,0.7324694261335915,0.49783170682316386
test,0.6572451943304364,0.573566871603899
