,correlation,log10
train,0.6899505453842508,0.4963111633129524
test,0.6128538655045538,0.5863273390748166
