,correlation,log10
train,0.6685214575037668,0.5275868863073281
test,0.6185530471618329,0.5640198437414171
