,correlation,log10
train,0.6822646981303643,0.5587579274796374
test,0.6026755265180891,0.6205301790762108
