,correlation,log10
train,0.7253014530854671,0.5057418089193223
test,0.6816643655286794,0.5651249186626822
