,correlation,log10
train,0.7387850820195752,0.49222020294540986
test,0.6657851987736272,0.5762844459357469
