,correlation,log10
train,0.6797301217124138,0.5178776384133356
test,0.6887062518415612,0.5301106735834935
