,correlation,log10
train,0.6584096083235492,0.5478968813743157
test,0.6807978530832238,0.5817939802999024
