,correlation,log10
train,0.7265258137505325,0.495075197855414
test,0.6704785215615363,0.5685371655368598
