,correlation,log10
train,0.7454752391788854,0.4973974409510445
test,0.6270766541417179,0.6172757717586328
