,correlation,log10
train,0.6995204847652177,0.5252316956491904
test,0.68926865422194,0.5620938052711808
