,correlation,log10
train,0.6561645931138932,0.5727931541020888
test,0.6566549767735668,0.5847401524781699
