,correlation,log10
train,0.6875785214407729,0.5081725120428345
test,0.6636137072531576,0.5632793865669996
