,correlation,log10
train,0.6605276103779882,0.5437376710883064
test,0.6275590888496957,0.5839760249346253
