,correlation,log10
train,0.7429497004418206,0.5253496325989572
test,0.6756399706321781,0.6378850540205985
