,correlation,log10
train,0.7296418362157705,0.5350539172447764
test,0.6868546128451523,0.5992594030938405
