,correlation,log10
train,0.7074546781756779,0.5057839100107093
test,0.637923453282408,0.5964900393582536
