,correlation,log10
train,0.7171216830190494,0.5029731564664286
test,0.6005136524473407,0.5902075466617949
