,correlation,log10
train,0.7139023379502021,0.5712330388426263
test,0.6966536586401146,0.5893035382497692
