,correlation,log10
train,0.6747837350207538,0.6241014847840533
test,0.6004036449343041,0.7143957406701005
