,correlation,log10
train,0.675786736117662,0.5385793047093703
test,0.6213322071642066,0.6638525895786488
