,correlation,log10
train,0.7294585400920989,0.5352783557963801
test,0.7006615886105773,0.6159032149133364
