,correlation,log10
train,0.6817440017640254,0.5308627350706635
test,0.6415594963060589,0.5844132230397273
