,correlation,log10
train,0.7161980814716797,0.5196867359970737
test,0.7297968507829355,0.586295389644566
