,correlation,log10
train,0.7120627768211548,0.5184405868053437
test,0.6932789831289323,0.6002088152308288
