,correlation,log10
train,0.688315707232275,0.5385294157852749
test,0.6367100093607578,0.587538258575957
