,correlation,log10
train,0.6935895880821974,0.5255122468576103
test,0.6398146972043485,0.5888534806864931
