,correlation,log10
train,0.735417313342932,0.5190682393665073
test,0.6943053542322543,0.58669104179303
