,correlation,log10
train,0.6933211624138782,0.5076519931066303
test,0.5830802428816791,0.593662150185283
