,correlation,log10
train,0.7308956636918847,0.5146566341445433
test,0.6914395501229765,0.5977222232775626
