,correlation,log10
train,0.6978339537070701,0.5508946215296747
test,0.628627244023667,0.6190397642141575
