,correlation,log10
train,0.6886236706576275,0.5502753624969977
test,0.6546339670241134,0.6030463085347573
