,correlation,log10
train,0.7181496321654585,0.5132679098908769
test,0.6826707884237536,0.5680824247880358
