,correlation,log10
train,0.723744869873761,0.5008963945456333
test,0.7193180533284911,0.5192609142283522
