,correlation,log10
train,0.6799067759243596,0.5189280239089892
test,0.6679592499918261,0.5659023432763474
