,correlation,log10
train,0.7599879686109029,0.49655327899336504
test,0.7125425614371419,0.5494683372142638
