,correlation,log10
train,0.5851707816905319,0.5966418549655852
test,0.5729725764615784,0.613096220741445
