,correlation,log10
train,0.6324152796211161,0.5569257158312569
test,0.5850521335275795,0.6180067939503358
