,correlation,log10
train,0.684719026449629,0.5583245280096992
test,0.6766351095251578,0.5947144808086101
