,correlation,log10
train,0.742102272712037,0.5148032656536201
test,0.696954336116449,0.5782827113711838
