,correlation,log10
train,0.7417139112837584,0.5070480713785012
test,0.6789409515713738,0.5977296800181796
