,correlation,log10
train,0.6349450768952436,0.5464082959419779
test,0.6134876244407393,0.6066909503390671
