,correlation,log10
train,0.721335493896138,0.5200238968438649
test,0.7116550375410557,0.5952719785348108
