,correlation,log10
train,0.7224671125774339,0.5272028861451291
test,0.6723237165656988,0.6551462669124666
