,correlation,log10
train,0.6846579391522302,0.5248279778931223
test,0.6387763347262139,0.5718694995601932
