,correlation,log10
train,0.6489505275843208,0.5471313217097712
test,0.588153962106948,0.6529619328777725
