,correlation,log10
train,0.6995522557838911,0.5260888122881082
test,0.6777330154643818,0.5553605563221103
