,correlation,log10
train,0.7418995749114267,0.4828038743665292
test,0.7154993654868992,0.5506325757251842
