,correlation,log10
train,0.689154843313586,0.5269457424678252
test,0.6340579609928143,0.597037732218828
