,correlation,log10
train,0.7238215677775075,0.5656047076311737
test,0.7068478536933264,0.6058050476181219
