,correlation,log10
train,0.7195261547796503,0.4980607760283013
test,0.6483433697300961,0.5648582710838159
