,correlation,log10
train,0.6898082924899953,0.5253552019907526
test,0.6579009159904857,0.5875634361199328
