,correlation,log10
train,0.7009954733673258,0.5410908879158441
test,0.6584919939393749,0.6021181932583478
