,correlation,log10
train,0.7190123797007736,0.5189638322014625
test,0.690918829504077,0.5230407377417108
