,correlation,log10
train,0.722802928755383,0.5283595910651793
test,0.628785721700666,0.6586952409335382
