,correlation,log10
train,0.6919378624461009,0.5078224018283326
test,0.6311932965211067,0.5897978911988987
