,correlation,log10
train,0.6961043574092419,0.5412796621461596
test,0.7220777649266131,0.5375028170637469
