,correlation,log10
train,0.7378400047147028,0.5366792391047741
test,0.6994196091393503,0.5604973973809475
