,correlation,log10
train,0.7088946422183251,0.5247973205904578
test,0.6699020576411608,0.5775949151714164
