,correlation,log10
train,0.7213910471381243,0.5455008822236412
test,0.6555821141311772,0.6184947181010227
