,correlation,log10
train,0.720748890677023,0.5232087724967854
test,0.7162651263985207,0.5298460673657645
