,correlation,log10
train,0.6789426134907598,0.532601945855752
test,0.6978878215153302,0.5362992947277738
