,correlation,log10
train,0.7048484047725715,0.5185226073638304
test,0.6804058582004892,0.5523436614182344
