,correlation,log10
train,0.6898056170367721,0.5640525453380074
test,0.6840726967299797,0.5677066563271042
