,correlation,log10
train,0.736943297771446,0.5471749826710437
test,0.7731177535631976,0.5447045520627524
