,correlation,log10
train,0.6841544472442866,0.5510578732743895
test,0.6076158499522857,0.6068705942405775
