,correlation,log10
train,0.6964962355970901,0.5248362973802233
test,0.5717614223995623,0.6239316678165234
