,correlation,log10
train,0.7246575305414242,0.5436964638159008
test,0.6639352882454926,0.5894701360249854
