,correlation,log10
train,0.7062141715998607,0.510820189706703
test,0.6167828697721235,0.6138122126129961
