,correlation,log10
train,0.7368013833276083,0.537111386184615
test,0.6565130701375724,0.6634943881044175
