,correlation,log10
train,0.7078465786780215,0.5425439550181009
test,0.6712540279606954,0.605354770004043
