,correlation,log10
train,0.6805847749792935,0.5466205759785712
test,0.6377937394019848,0.6037464632771418
