,correlation,log10
train,0.6365006078316476,0.555117579304735
test,0.6446800656926887,0.5480770862055493
