,correlation,log10
train,0.7043481176770752,0.5419243091389796
test,0.700536259085152,0.5702000023858057
