,correlation,log10
train,0.7176541022953745,0.5356698118950718
test,0.6821010901256642,0.5823775824946227
