,correlation,log10
train,0.7093051110663349,0.5081206294694159
test,0.6780343933860735,0.5859441614523321
