,correlation,log10
train,0.6987549792814168,0.541183058617279
test,0.6383449978959388,0.6110183171880563
