,correlation,log10
train,0.7389277050405215,0.5322445680801765
test,0.6527872702811731,0.6363038854496144
