,correlation,log10
train,0.6630180866919565,0.5511039584160033
test,0.6148147734874706,0.5968325415800425
