,correlation,log10
train,0.712892637408707,0.5013636306546478
test,0.6539610140263826,0.5735430516033673
