,correlation,log10
train,0.6876995114676935,0.5485163208776469
test,0.5925727164181214,0.6248718608895517
