,correlation,log10
train,0.7207370770200732,0.5337934880975587
test,0.6781255222692418,0.6058391818355203
