,correlation,log10
train,0.6860746438588738,0.5135163909677147
test,0.6263716846553024,0.5973922909289264
