,correlation,log10
train,0.639434328416805,0.5489162742451996
test,0.5952639961401741,0.5973559507637641
