,correlation,log10
train,0.7230374104890472,0.5882988217328801
test,0.6656170479783208,0.6648242961945309
