,correlation,log10
train,0.666760442913056,0.5227946056686529
test,0.6452004044640749,0.5804988511555302
