,correlation,log10
train,0.7063209097029378,0.49852392493806535
test,0.6277570329734184,0.5497091428484547
