,correlation,log10
train,0.6591952993302884,0.5773763264328776
test,0.6201389599732849,0.6135287997165989
