,correlation,log10
train,0.6601683439482783,0.535301448019277
test,0.5992830821594388,0.6114470738006109
