,correlation,log10
train,0.7130320866872829,0.4995904485048927
test,0.6607641183977631,0.5820750120752881
