,correlation,log10
train,0.7025065811367662,0.4947796930107287
test,0.6868268191979039,0.4998915963256092
