,correlation,log10
train,0.7219641136005247,0.5006262072494543
test,0.6329207250572731,0.57859515063063
