,correlation,log10
train,0.7479511646966613,0.5317636931145955
test,0.7049479914947209,0.5934399105595604
