,correlation,log10
train,0.6847466245520967,0.5340477424800246
test,0.5920441184950879,0.6223660117074854
