,correlation,log10
train,0.6947467785654589,0.5229667395269676
test,0.6834507206860406,0.5170301644121603
