,correlation,log10
train,0.7041631487899854,0.5237052739460142
test,0.6182827766440179,0.6254515129183257
