,correlation,log10
train,0.7082226556090823,0.5315622215715347
test,0.65792340575761,0.6052064794592146
