,correlation,log10
train,0.7201749241657481,0.48855878714648077
test,0.6862821378605262,0.5588613004628447
