,correlation,log10
train,0.6999763547925888,0.5214461696874444
test,0.6444748000886684,0.5881118375076286
