,correlation,log10
train,0.7100833447446673,0.5471375600746526
test,0.5959883292354138,0.7061355764437945
