,correlation,log10
train,0.721372577174731,0.5587124090296862
test,0.6695134409547453,0.6004391321176691
