,correlation,log10
train,0.6884615482400238,0.5494211154014091
test,0.6846649670009766,0.5965346101097755
