,correlation,log10
train,0.7224036342574078,0.5603360039210169
test,0.628108568208109,0.6647750806085422
