,correlation,log10
train,0.6532311361142279,0.5590731432889628
test,0.5734456528025299,0.6010720558959165
