,correlation,log10
train,0.6110927075058915,0.5707953485185581
test,0.5552827832785385,0.6124756093367815
