,correlation,log10
train,0.746579080130266,0.5328742809266644
test,0.6816310571544965,0.6317850422859627
