,correlation,log10
train,0.6998509097442294,0.5567504267756177
test,0.6938954368763824,0.5811617083024367
