,correlation,log10
train,0.6418746784885789,0.5609128407720286
test,0.5805095045686778,0.6126724661498176
