,correlation,log10
train,0.7061427775682708,0.5601689512033609
test,0.6389948532504351,0.6332383484461639
