,correlation,log10
train,0.6797030787521625,0.5464800364909359
test,0.6754986229751724,0.577426684654625
