,correlation,log10
train,0.7266399570915884,0.5154020786323968
test,0.6595706037057791,0.5911554764396515
