,correlation,log10
train,0.7533475257409521,0.5349144097945794
test,0.6549010834796377,0.6859618544934327
