,correlation,log10
train,0.7116597684601076,0.5498191646484939
test,0.6212178858756006,0.6382994923258977
