,correlation,log10
train,0.5900369176381136,0.5831146799351218
test,0.55919980927452,0.6151282529097096
