,correlation,log10
train,0.7211183862972085,0.49543262935143645
test,0.6369836038687118,0.599602185175438
