,correlation,log10
train,0.6949856435788041,0.5722328867578004
test,0.6604790843881785,0.6159906990354368
