,correlation,log10
train,0.6621730924755952,0.5265955998443382
test,0.6782191768642437,0.5535834528803214
