,correlation,log10
train,0.6572701151163169,0.5653609236705851
test,0.6579808990195711,0.5967136892891118
