,correlation,log10
train,0.7174165904101918,0.54340416363983
test,0.6487697175567657,0.6290268163846747
