,correlation,log10
train,0.7259932230585631,0.5140499365967817
test,0.6638438014548014,0.5852731567586072
