,correlation,log10
train,0.6542076441230915,0.5889297162586157
test,0.6459766997486417,0.6072563098964243
