,correlation,log10
train,0.7239652832141861,0.5280915396524838
test,0.6297098302457161,0.6102458366204607
