,correlation,log10
train,0.6807164460158072,0.5650977250991064
test,0.6660281648099097,0.6044468247178579
