,correlation,log10
train,0.7093776985506234,0.5117393398794678
test,0.6464406527581432,0.5835030630115804
