,correlation,log10
train,0.7170220539395059,0.5188176140912075
test,0.7061947614371819,0.5872374070492369
