,correlation,log10
train,0.7173444234990538,0.5027265790118983
test,0.7070446436631452,0.5493238490109791
