,correlation,log10
train,0.7212230445911032,0.49283074604899074
test,0.6801085532404325,0.5393371759802064
