,correlation,log10
train,0.7245325666947372,0.5261924321261324
test,0.6980461646653411,0.5505002451934563
