,correlation,log10
train,0.7231355873122526,0.5445851162949429
test,0.6512821796439691,0.6337855854567886
