,correlation,log10
train,0.6194515848960781,0.5743125361170818
test,0.6104313784054141,0.6010189883901049
