,correlation,log10
train,0.7008342438544086,0.5595881252293269
test,0.6344808356582335,0.6384193983335265
