,correlation,log10
train,0.696720629601765,0.5436446262808644
test,0.6403266164988722,0.604396249032185
