,correlation,log10
train,0.726327382395257,0.5235447639101211
test,0.7136797986260847,0.572520625199693
