,correlation,log10
train,0.7013220926298696,0.5346796829682074
test,0.6557388831610595,0.6284174963263399
