,correlation,log10
train,0.7355288546728376,0.5058589057605472
test,0.6894218940555286,0.6444289403582109
