,correlation,log10
train,0.6341500292241055,0.5629329704563072
test,0.5534630208199491,0.6457629209388837
