,correlation,log10
train,0.7076315094896966,0.5051757081679907
test,0.6290232684639838,0.5749993319820565
