,correlation,log10
train,0.6295077232304468,0.5681888497983089
test,0.6092855915818909,0.6134685378896587
