,correlation,log10
train,0.6982079151456406,0.515869821313553
test,0.6445271415048092,0.5625391923081909
