,correlation,log10
train,0.7026828237155471,0.5567656419548455
test,0.6991795212032739,0.6296275597719919
