,correlation,log10
train,0.673201857799891,0.5383489897043384
test,0.6665521172128176,0.5661425352467141
