,correlation,log10
train,0.67873340348643,0.5100206299647361
test,0.6190107536589301,0.576219633908186
