,correlation,log10
train,0.6316498940484894,0.5689512592923907
test,0.5617867409295049,0.6390669151663267
