,correlation,log10
train,0.6890778866962262,0.5459379424724548
test,0.6549610788114313,0.6228987941003522
