,correlation,log10
train,0.7019137112365852,0.49584030339543667
test,0.6492106974500037,0.5637567051020888
