,correlation,log10
train,0.7076632822366503,0.5352171317924059
test,0.636442068358446,0.6556756124472692
