,correlation,log10
train,0.7567496349683565,0.4953268764223396
test,0.710610970280613,0.5648164932676017
