,correlation,log10
train,0.7096841530890565,0.49071462820868117
test,0.5991323828163512,0.5789419658171785
