,correlation,log10
train,0.6860972857858675,0.5271187435437507
test,0.6639883086298126,0.5687456836989173
