,correlation,log10
train,0.6782902378338399,0.5398949791139882
test,0.6289342063682376,0.611219642181531
