,correlation,log10
train,0.7177129820585522,0.48615409618439454
test,0.6807451843616827,0.541556108152959
