,correlation,log10
train,0.6619959380937982,0.5361994994456116
test,0.6492375361385586,0.5767610390276299
