,correlation,log10
train,0.6981652549646707,0.5129639315303696
test,0.6560141817422749,0.594066746357475
