,correlation,log10
train,0.6747830518816419,0.5360766531429303
test,0.5406888657355869,0.6601086397158036
