,correlation,log10
train,0.7253592652682532,0.5113523520254531
test,0.6533432099774653,0.6143089995259163
