,correlation,log10
train,0.7147730209941219,0.5143017299082729
test,0.6961031864036407,0.588460102435974
