,correlation,log10
train,0.7539747114411018,0.49404844696928485
test,0.7097267128664906,0.561782514683713
