,correlation,log10
train,0.6606944303229212,0.5277326308010389
test,0.5515339234022371,0.6357117089608629
