,correlation,log10
train,0.6933595392432904,0.5291394211974076
test,0.653260407558404,0.5661140522603673
