,correlation,log10
train,0.7235106261116065,0.5193901414429257
test,0.6632435518706132,0.5909160221892573
