,correlation,log10
train,0.6899115691417721,0.514509441573618
test,0.6449437287065738,0.562064685340694
