,correlation,log10
train,0.6917063269710841,0.5147288127899526
test,0.6036357475832053,0.6343116699679695
