,correlation,log10
train,0.7076487367734363,0.5012099213775468
test,0.6881872114829953,0.5719199443113996
