,correlation,log10
train,0.6465071188212809,0.5531207627835675
test,0.6069035616514462,0.5767511099437086
