,correlation,log10
train,0.6848299708445345,0.5524683024101151
test,0.6348624614679651,0.6055493466744493
