,correlation,log10
train,0.7171343421818369,0.5112127795336346
test,0.6986486113931876,0.5473313221927173
