,correlation,log10
train,0.7375418585435508,0.4980768341809231
test,0.6624190773908293,0.5882323984745459
