,correlation,log10
train,0.7406570330362213,0.5110919747412522
test,0.683041561915139,0.5548639150015
