,correlation,log10
train,0.7265431864917848,0.5106670901237956
test,0.6835710937422755,0.5354543962228742
