,correlation,log10
train,0.7314351941452751,0.5041937446096773
test,0.6317111022106814,0.5776000279040163
