,correlation,log10
train,0.7429185037399706,0.5030335491586565
test,0.6676257307361274,0.6115612393951563
