,correlation,log10
train,0.7400758356813114,0.5259858787189727
test,0.6884646937845234,0.573262378398402
