,correlation,log10
train,0.7124591069555973,0.558048787198237
test,0.6806433983693277,0.6001471507640509
