,correlation,log10
train,0.6777886757332969,0.5629245619171116
test,0.5972533863109794,0.6233166957672064
