,correlation,log10
train,0.7489549476240682,0.5159677766496644
test,0.6935247646576156,0.6343985170874283
