,correlation,log10
train,0.6828568846279343,0.5389672293903318
test,0.6546062476761677,0.6101600157798563
