,correlation,log10
train,0.7248172205410144,0.48635965230500144
test,0.6597238392268332,0.5592023096937239
