,correlation,log10
train,0.7311731371693387,0.5314830298209445
test,0.7158914237315795,0.5635997057270825
