,correlation,log10
train,0.7332336683853491,0.5498559491273715
test,0.6874244077588464,0.633040071405037
