,correlation,log10
train,0.7080033727499807,0.5424601889961218
test,0.6841291087444717,0.5782654357096859
