,correlation,log10
train,0.5994938467296994,0.5824454516710398
test,0.6087862331148282,0.6038516750402942
