,correlation,log10
train,0.7121834323789921,0.5098911684265075
test,0.688802904464925,0.5429806583461116
