,correlation,log10
train,0.734424512883732,0.5065190043277068
test,0.7041243852991071,0.5336686941358697
