,correlation,log10
train,0.722729838170509,0.5106006974802049
test,0.6843308410782686,0.5565198625092876
