,correlation,log10
train,0.6407388219676534,0.6170525357389856
test,0.6175968438835319,0.6357650099442345
