,correlation,log10
train,0.6516530482179994,0.5543157440097658
test,0.6159541313652572,0.6031306004816961
