,correlation,log10
train,0.7305928748725238,0.49746856933110983
test,0.6698767712969385,0.5865824225921116
