,correlation,log10
train,0.6513368963860456,0.5340269330043045
test,0.6557408376918389,0.5673512444884017
