,correlation,log10
train,0.7071455737427038,0.517491900957222
test,0.6398099953382521,0.6194400737306798
