,correlation,log10
train,0.7032535837754909,0.510881304883042
test,0.6434682314178277,0.5846198251880501
