,correlation,log10
train,0.7194955961573671,0.5252578044536268
test,0.685921585979523,0.5850530895495187
