,correlation,log10
train,0.6682416578625303,0.5501073120302787
test,0.655572594881826,0.5695226959657366
