,correlation,log10
train,0.7259883618240303,0.5087580942687896
test,0.6538982981964198,0.5878069538856381
