,correlation,log10
train,0.6722806187487235,0.5376124190506261
test,0.6093431418940971,0.6339594901550095
