,correlation,log10
train,0.7444709669316798,0.5291261327512745
test,0.7025716447839896,0.6183511373523906
