,correlation,log10
train,0.7001388665273108,0.5567873581906612
test,0.7059504500091855,0.5615977934935598
