,correlation,log10
train,0.7429323884746203,0.5053332691843858
test,0.7322115729463498,0.533980586315559
