,correlation,log10
train,0.7100280225258325,0.5000208915338455
test,0.6673043900003998,0.60929945878368
