,correlation,log10
train,0.6989419042427868,0.49975073182964824
test,0.6693745131878749,0.5656556238125423
