,correlation,log10
train,0.6309332869506347,0.528117700156394
test,0.6190159666763855,0.5778360714035461
