,correlation,log10
train,0.6790122886157282,0.5449899973824802
test,0.5884544281811412,0.6066165313451775
