,correlation,log10
train,0.6901046129484258,0.5291354691277228
test,0.5845700476682834,0.6118568409847803
