,correlation,log10
train,0.6777909762154768,0.5347895546429506
test,0.6387185171447487,0.6278933089342695
