,correlation,log10
train,0.7126351940074298,0.5052124040090125
test,0.6953867659409169,0.5698285461999926
