,correlation,log10
train,0.7211530821292678,0.520591337534074
test,0.7205053975367278,0.5620267090584329
