,correlation,log10
train,0.6798528186403936,0.544502395161231
test,0.6565040951139672,0.5704702629849907
