,correlation,log10
train,0.6840179489587198,0.5218241454884572
test,0.6759911601168818,0.5508831082079205
