,correlation,log10
train,0.6911167849087437,0.5292388787836608
test,0.6444022612349601,0.5797787168874637
