,correlation,log10
train,0.6481520275911733,0.5379319193260892
test,0.6151015243748837,0.5863161053984988
