,correlation,log10
train,0.7081329732727418,0.5024527768072314
test,0.6786701901187671,0.5510051752868566
