,correlation,log10
train,0.7208705877000808,0.52245444267742
test,0.6756694818257534,0.5934553301086454
