,correlation,log10
train,0.6805242490343498,0.5048899564708728
test,0.6450376387769882,0.5704881516364197
