,correlation,log10
train,0.709501790271983,0.5023391707440055
test,0.7272877388405647,0.5389726964227458
