,correlation,log10
train,0.6890615289215413,0.4879589769157859
test,0.6405992319413012,0.5780066320813021
