,correlation,log10
train,0.7275417000265114,0.54490429351622
test,0.6797706136822114,0.6194640856419784
