,correlation,log10
train,0.6915408738985253,0.5679315250115547
test,0.6705771316507544,0.598132205313047
