,correlation,log10
train,0.7334122958704898,0.4646374009259303
test,0.6757703018862871,0.5617877910091391
