,correlation,log10
train,0.672991608927172,0.5355392736493522
test,0.6684144130318896,0.562812988156084
