,correlation,log10
train,0.741835010660706,0.5121201807590537
test,0.6913360811553354,0.537916184900203
