,correlation,log10
train,0.7209468672748327,0.5654348405677616
test,0.6764338079579676,0.6080056721749431
