,correlation,log10
train,0.6533345492614285,0.53289823760877
test,0.6202544360022192,0.5714332051184011
