,correlation,log10
train,0.7144714140714447,0.5319986546495231
test,0.6623694895964923,0.6031339667188861
