,correlation,log10
train,0.713871903390009,0.5257849304276081
test,0.6827186684697693,0.5665234198983865
