,correlation,log10
train,0.7338552404001132,0.544204490435371
test,0.6566523718147003,0.6149439584701647
