,correlation,log10
train,0.667665253435018,0.5661511413567174
test,0.6740061571455184,0.6431086334461964
