,correlation,log10
train,0.731197511638489,0.5249272568655555
test,0.6388173378379732,0.6066817472880558
