,correlation,log10
train,0.7175130531831017,0.5207507427552583
test,0.7043690118315471,0.5838692235929098
