,correlation,log10
train,0.7441959260738141,0.49654584473412283
test,0.6489432745970226,0.6510506320016292
