,correlation,log10
train,0.6966574120556435,0.5358769459972071
test,0.6504242323086277,0.6037899654299338
