,correlation,log10
train,0.7092336264520395,0.5293526471597899
test,0.6359841348819161,0.5805511573413018
