,correlation,log10
train,0.7188109282987816,0.542255154132126
test,0.6699625749685184,0.6123454120472881
