,correlation,log10
train,0.7020520264767123,0.5502243366898447
test,0.6279539760039992,0.6573939612168969
