,correlation,log10
train,0.6793863312713445,0.5410873308475457
test,0.6799950666478748,0.5992343129652125
