,correlation,log10
train,0.6152891921933946,0.5785232829346746
test,0.6131106945512836,0.585325427480848
