,correlation,log10
train,0.7044408944567209,0.5533261826028324
test,0.6421793531000325,0.6392498599352539
