,correlation,log10
train,0.765599720530505,0.4958670035923872
test,0.6627610502803138,0.653297544215824
