,correlation,log10
train,0.6110501242766849,0.5547692031010457
test,0.5869084113609877,0.5574375346040477
