,correlation,log10
train,0.759090526111207,0.5063492483532853
test,0.7296745982748046,0.6016070120957111
