,correlation,log10
train,0.7113820118342843,0.4988787719639739
test,0.683168443448718,0.542981918641371
