,correlation,log10
train,0.7304412127801653,0.49268219036709954
test,0.672378260626518,0.5798523321752771
