,correlation,log10
train,0.7359728106944508,0.5628049247077027
test,0.6512518830677595,0.6356498359778356
