,correlation,log10
train,0.6411756961669641,0.5935696247975955
test,0.6556159280031774,0.6215436882831793
