,correlation,log10
train,0.699841183438285,0.5178324071666919
test,0.6871822579501021,0.539468160671331
