,correlation,log10
train,0.7388594874778117,0.5100221399078774
test,0.6837303254988497,0.5690983691715362
