,correlation,log10
train,0.7043821012662994,0.5095971514327543
test,0.6420948164378764,0.5640494742304929
