,correlation,log10
train,0.7337460861440549,0.5263501949378845
test,0.694120808638024,0.617091011875472
