,correlation,log10
train,0.7441539359891942,0.5306748763989905
test,0.7266824151788458,0.585830027305933
