,correlation,log10
train,0.7364472601670401,0.5228185104955284
test,0.6521089338406916,0.6382894953034598
