,correlation,log10
train,0.7008600768985002,0.5292209695406166
test,0.671321746802497,0.5732445155415326
