,correlation,log10
train,0.6942685068032304,0.5715939834019464
test,0.6829888318425498,0.6041026473506478
