,correlation,log10
train,0.7447439406308323,0.50834547208503
test,0.6861835655764751,0.5877030313924926
