,correlation,log10
train,0.6814204537728978,0.5069799845414831
test,0.6339641894102294,0.553490224024586
