,correlation,log10
train,0.7642522783736843,0.5083052095255116
test,0.7113098569176718,0.6085114376431634
