,correlation,log10
train,0.681662679606628,0.5199483249833399
test,0.653786081715883,0.587852088127394
