,correlation,log10
train,0.7277659516411412,0.5054267290853252
test,0.659392616161486,0.5628847382832235
