,correlation,log10
train,0.7008558337898839,0.5073108657635634
test,0.6233510793720811,0.5740701664553086
