,correlation,log10
train,0.7168399626031075,0.535812520332676
test,0.7021217410847377,0.5989179930707812
