,correlation,log10
train,0.6195096298945527,0.6022540185599227
test,0.5753606563656588,0.6141682502231854
