,correlation,log10
train,0.7216976305293458,0.5578446595159802
test,0.6685256666660919,0.6361205318306236
