,correlation,log10
train,0.7148457191610553,0.5147697451417617
test,0.6739411351396277,0.5711737575643144
