,correlation,log10
train,0.6960199414217231,0.5521642751417579
test,0.6852969957104293,0.6122643326489722
