,correlation,log10
train,0.7675000319681108,0.5074387520889461
test,0.726227693055445,0.5987683231383228
