,correlation,log10
train,0.6643621558787058,0.5304084031116137
test,0.6410117445694338,0.5845849685190463
