,correlation,log10
train,0.6424084408729475,0.5773681937438605
test,0.6331126477395329,0.615731666402713
