,correlation,log10
train,0.7153984537913832,0.5338503973524615
test,0.6862388357208363,0.6029394847494275
