,correlation,log10
train,0.7221519561487196,0.5258727974018484
test,0.6475047947033986,0.5721487881274632
