,correlation,log10
train,0.7327700572655418,0.511931181058541
test,0.673819689513396,0.6012550966511638
