,correlation,log10
train,0.7132684335424219,0.5685885770726254
test,0.6601428447911628,0.6449010490898757
