,correlation,log10
train,0.7307121145511767,0.5224925032834021
test,0.5646636876004181,0.6536471717404164
