,correlation,log10
train,0.6938511730073348,0.5539758844511098
test,0.6845896608900298,0.5803914964532412
