,correlation,log10
train,0.6472397611014993,0.5305359841143538
test,0.6495599954562128,0.5849040379550001
