,correlation,log10
train,0.6927351499467707,0.5528119928208917
test,0.6900597112434824,0.5606256716832391
