,correlation,log10
train,0.7155656381368628,0.49865252864864107
test,0.623364994946361,0.5787674105968571
