,correlation,log10
train,0.7069892726239666,0.5236346417909674
test,0.6389633846043726,0.6017089020811833
