,correlation,log10
train,0.591075845645674,0.5734931901768537
test,0.6051243120283544,0.5803787588530367
