,correlation,log10
train,0.6780330086047431,0.5414463373297991
test,0.6485110219176261,0.5692702371849653
