,correlation,log10
train,0.6587548140887142,0.5373638882730492
test,0.5954978576651722,0.621316734816816
