,correlation,log10
train,0.7006077755082702,0.5135292227769885
test,0.6895793977713764,0.571978181548253
