,correlation,log10
train,0.6779337396688657,0.5271159755181866
test,0.6054673463257545,0.564389253773344
