,correlation,log10
train,0.7400709644021383,0.54202233119647
test,0.7062830064957116,0.5672580422124784
