,correlation,log10
train,0.7452780373722738,0.5258347434397893
test,0.6700869566129355,0.6115969657526056
