,correlation,log10
train,0.6901613441681139,0.562167896185309
test,0.675228171955343,0.5979706991377152
