,correlation,log10
train,0.6899626201914467,0.5423616916150575
test,0.6638188622786816,0.5985216603302573
