,correlation,log10
train,0.7155893219598136,0.47690720410194437
test,0.6668910873375637,0.5391267255911895
