,correlation,log10
train,0.6456648193892285,0.5517730620241887
test,0.5768992928499204,0.6153650875806824
