,correlation,log10
train,0.665445233703187,0.5452324529608812
test,0.7061747578536393,0.5139623259691143
