,correlation,log10
train,0.6199408988324416,0.543224541308493
test,0.5621931975550134,0.5936466066845519
