,correlation,log10
train,0.6993462250831948,0.5669293818865782
test,0.6781727534384209,0.5990235246055234
