,correlation,log10
train,0.7525290329877312,0.505940152488518
test,0.6555151311664841,0.5995289010678011
