,correlation,log10
train,0.6561924522483472,0.544505021780578
test,0.6641886357001369,0.5651204039422377
