,correlation,log10
train,0.7122835023659471,0.5636839634368083
test,0.7150380106056156,0.6039935733407735
