,correlation,log10
train,0.7230610170809059,0.5288187632938044
test,0.689403350655398,0.6005420877563856
