,correlation,log10
train,0.7143475411720854,0.5121555488726228
test,0.6520838254434606,0.5697784834093483
