,correlation,log10
train,0.687649103735209,0.5331234301078828
test,0.6687315469736679,0.5512263119235183
