,correlation,log10
train,0.6953860184366351,0.5170980807653057
test,0.6376380785878242,0.60524893483761
