,correlation,log10
train,0.7298137248162023,0.5214337475016472
test,0.615419638156096,0.6822725834628662
