,correlation,log10
train,0.6973347766361525,0.5760209670597559
test,0.7280722185390022,0.578921641757388
