,correlation,log10
train,0.7035910300597755,0.5150009400753818
test,0.5890919743633535,0.5923115802171655
