,correlation,log10
train,0.7078175891021494,0.5419684428725096
test,0.7206982822786041,0.5533323287926651
