,correlation,log10
train,0.6648252494023319,0.5537269964825856
test,0.5796701640780297,0.6207192355258929
