,correlation,log10
train,0.7249044586298325,0.5909722309633103
test,0.6474519624084265,0.6829936567579848
