,correlation,log10
train,0.6898843610308302,0.5528476256093093
test,0.7003982970683719,0.5902289564359421
