,correlation,log10
train,0.742230858654262,0.5125882420341166
test,0.6667476310356136,0.5767367417012319
