,correlation,log10
train,0.7239451358862357,0.5492073982852165
test,0.6945273028194181,0.5732598611859003
