,correlation,log10
train,0.7690983395236315,0.47991221099146464
test,0.666160441839333,0.6077996291400837
