,correlation,log10
train,0.7452184385158553,0.5309684715150601
test,0.7243484005052938,0.584743484604926
