,correlation,log10
train,0.7174187839518804,0.5493082979989004
test,0.6667020096648191,0.6295431081002764
