,correlation,log10
train,0.7134578103001279,0.5621528527296199
test,0.7150065354652242,0.5489474732038246
