,correlation,log10
train,0.7261403122147227,0.5144283157843256
test,0.6237776576242093,0.595520765435243
