,correlation,log10
train,0.7151165771560627,0.5104806629840204
test,0.6636940889900451,0.5570136385124189
