,correlation,log10
train,0.7251579578466405,0.5163377447532894
test,0.6287815884626312,0.5877050106070492
