,correlation,log10
train,0.6286613422968284,0.563077804848194
test,0.6118153406223853,0.615813758981912
