,correlation,log10
train,0.6981936153552908,0.5206435174216013
test,0.6533239975772106,0.5946651297055834
