,correlation,log10
train,0.77419237908039,0.5150317611422821
test,0.7073235071340623,0.5842284963853209
