,correlation,log10
train,0.7489460144173689,0.4952979047207217
test,0.6784289695919413,0.5565956206687316
