,correlation,log10
train,0.6947625233379041,0.5588826990052979
test,0.6932809478114232,0.5682759340545127
