,correlation,log10
train,0.7117934979682818,0.49996874162217975
test,0.6825483505948836,0.5669456690598795
