,correlation,log10
train,0.6955296304915993,0.5113936264529
test,0.6127944323685766,0.5977899519635288
