,correlation,log10
train,0.7126371505928609,0.5149156901334684
test,0.5684389101561274,0.6489075519179188
