,correlation,log10
train,0.7302240148934813,0.5187402890485593
test,0.6774788843949989,0.5953093782944691
