,correlation,log10
train,0.6088869324468834,0.5598642048782454
test,0.5930530229489044,0.5755276164626604
