,correlation,log10
train,0.6681133605682752,0.551927982204247
test,0.6542952172602777,0.5960749128889665
