,correlation,log10
train,0.7085159256978454,0.5261564258601737
test,0.6963799871610824,0.6206101871272477
