,correlation,log10
train,0.664406137011563,0.5815794493090414
test,0.5954938751586739,0.6257003633547978
