,correlation,log10
train,0.6810951511881294,0.5265477670247688
test,0.6106613665737174,0.6125888434237334
