,correlation,log10
train,0.6429710057906406,0.5507476938845047
test,0.5518074823625855,0.6546089700972888
