,correlation,log10
train,0.7276855009847486,0.5334915973008415
test,0.6777242073642319,0.6334937594101938
