,correlation,log10
train,0.7006263321452398,0.5280839247751907
test,0.6875437135100821,0.5570038077408017
