,correlation,log10
train,0.7483565267927857,0.5169406277164197
test,0.6696385212833773,0.5849550067296388
