,correlation,log10
train,0.6713366533724646,0.546966766401497
test,0.6058731945032919,0.6532423384033538
