,correlation,log10
train,0.7092255643172317,0.5008837396859805
test,0.7046496395767012,0.5363492076232991
