,correlation,log10
train,0.6607849242364019,0.5340625953424618
test,0.6489400097752878,0.5892143463475737
