,correlation,log10
train,0.6668882243285036,0.5408593694196463
test,0.6659461527320027,0.5530252056802559
