,correlation,log10
train,0.7101710089595648,0.5210425176486974
test,0.677555948552017,0.5584042609965137
