,correlation,log10
train,0.6809108132448363,0.5482778505263259
test,0.6384747687606466,0.6016784827173068
