,correlation,log10
train,0.7023726979351712,0.568891256828154
test,0.6274986553394091,0.6567605173342064
