,correlation,log10
train,0.673644165702193,0.5489222665512373
test,0.625079166964514,0.6370251483827993
