,correlation,log10
train,0.6855197457055443,0.5450244125325886
test,0.6929588535317271,0.5958694965991735
