,correlation,log10
train,0.7388361641474785,0.5098792680647919
test,0.7023298110060212,0.6323822913613182
