,correlation,log10
train,0.7244678956276789,0.5348667723753628
test,0.6606236850179354,0.5820923637255633
