,correlation,log10
train,0.7098493045352441,0.5398314886110759
test,0.6894870860120581,0.5578483210412825
