,correlation,log10
train,0.7100565022646247,0.4858900271723801
test,0.6087809943525339,0.5956985597261718
