,correlation,log10
train,0.7114326530000575,0.5155617368743952
test,0.7145613419285693,0.528671347972971
