,correlation,log10
train,0.7151283761510285,0.5301933684558594
test,0.6784964033482194,0.6138534168204802
