,correlation,log10
train,0.6861288198349517,0.5302215137094144
test,0.6869508993894172,0.5642367208548565
