,correlation,log10
train,0.6967561690400006,0.5464906028399238
test,0.6614289898955185,0.5706606866020001
