,correlation,log10
train,0.7005996852271318,0.5533100746788409
test,0.6513183465654383,0.5795873687403947
