,correlation,log10
train,0.7085724872360243,0.5430313191927706
test,0.6489027937624916,0.5825335218831798
