,correlation,log10
train,0.6750515775190461,0.5367586650355484
test,0.6156001038399528,0.5897845889831762
