,correlation,log10
train,0.7465636124278224,0.49468041141995267
test,0.7027095605721342,0.5590826224107257
