,correlation,log10
train,0.7446742220933741,0.5251068755464685
test,0.6407267041946013,0.5991533517215418
