,correlation,log10
train,0.7214185706358606,0.523179717382419
test,0.6813786349407359,0.5987950111420968
