,correlation,log10
train,0.6948383615654733,0.5315024022940974
test,0.6757955569995651,0.5720171149774905
