,correlation,log10
train,0.7244880255962672,0.5477205811641438
test,0.7016355608649536,0.5953008203391253
