,correlation,log10
train,0.7319833419979898,0.5299087628738127
test,0.6303874397522888,0.6564101722416287
