,correlation,log10
train,0.7511283112620654,0.5122616842568493
test,0.6665782480963185,0.6339279735599868
