,correlation,log10
train,0.7161164677361387,0.506122540559891
test,0.6961511456749749,0.5724865379350987
