,correlation,log10
train,0.7594700491037543,0.541703299961977
test,0.6955576286190687,0.6119758716023498
