,correlation,log10
train,0.7361390850571087,0.5276226445846698
test,0.7247851515133833,0.54469078772379
