,correlation,log10
train,0.7008170453399136,0.5381339060303441
test,0.6283521262416953,0.5935008843323645
