,correlation,log10
train,0.7197521649751175,0.5327125125593704
test,0.6949691733575402,0.5850418444887663
