,correlation,log10
train,0.6922398097814317,0.5529645369538039
test,0.6857742537361533,0.6224603251864373
