,correlation,log10
train,0.7096722978851403,0.5419210077209449
test,0.6634399556511549,0.6060940296294786
