,correlation,log10
train,0.7105205541141809,0.544141271848705
test,0.5923939148459032,0.6656162020408668
