,correlation,log10
train,0.6316646539287826,0.5328637358408832
test,0.5796607705633258,0.5920602890847229
