,correlation,log10
train,0.6971650501294222,0.5506366524291466
test,0.647928611150501,0.6499696793889778
