,correlation,log10
train,0.7171516585259249,0.5336430964386804
test,0.6630643729117892,0.5671692895651039
