,correlation,log10
train,0.6152343644634971,0.5860610341216245
test,0.6065039607893272,0.5869432952923159
