,correlation,log10
train,0.7237449445379244,0.519182689401657
test,0.70751130562671,0.5854367427661104
