,correlation,log10
train,0.7069718141038212,0.5247889539774194
test,0.643312178327099,0.5762809770358629
