,correlation,log10
train,0.7607649617395745,0.5061283123778753
test,0.6884883825348285,0.5723330159724316
