,correlation,log10
train,0.6900947986696538,0.5957568155742466
test,0.6858836653832009,0.626091766908552
