,correlation,log10
train,0.7383291864586256,0.5106185577510486
test,0.6969395170827606,0.5522351399979321
