,correlation,log10
train,0.6897094378162048,0.57196095127164
test,0.6077021522503123,0.6545035421769483
