,correlation,log10,numMetabolites
train,0.7481668098882778,0.5302901252185098,27.433333333333334
test,0.6965061737206814,0.6085281542106705,25.545454545454547
