,correlation,log10,numMetabolites
train,0.6802863914305115,0.5225515739336516,45.8
test,0.6375672923432644,0.567321611803467,43.90909090909091
