,correlation,log10,numMetabolites
train,0.6937348560477479,0.6526208826155274,19.566666666666666
test,0.5945907493379331,0.7136945716316494,17.818181818181817
