,correlation,log10,numMetabolites
train,0.7079572954868845,0.5700401485462567,26.466666666666665
test,0.7086046662204727,0.5958907201774933,26.727272727272727
