,correlation,log10,numMetabolites
train,0.6317313671427933,0.5779472836706,39.7
test,0.560205213271039,0.6299443327842975,41.27272727272727
