,correlation,log10,numMetabolites
train,0.7257734357201168,0.5081531694415311,34.13333333333333
test,0.6829655439801271,0.5812848347164248,36.0
