,correlation,log10,numMetabolites
train,0.6944049358752723,0.5956338492515069,22.933333333333334
test,0.6784901068871991,0.628449969404424,24.363636363636363
