,correlation,log10,numMetabolites
train,0.7482193190649666,0.4583755678909071,45.166666666666664
test,0.6567275752560865,0.5569680022891009,47.09090909090909
