,correlation,log10,numMetabolites
train,0.6199979343134251,0.7242168646958482,19.8
test,0.6112100861793018,0.7204001845383733,19.181818181818183
