,correlation,log10,numMetabolites
train,0.3093742496141346,0.7353333195131576,63.93333333333333
test,0.26784766541001254,0.7651858585888051,63.0
