,correlation,log10,numMetabolites
train,0.3062499707258427,0.7906595583918814,62.9
test,0.35521810366958834,0.7910289557101495,62.72727272727273
