,correlation,log10,numMetabolites
train,0.6930093562080138,0.6188301474268819,25.5
test,0.6312905631744893,0.6950443566548367,24.454545454545453
