,correlation,log10,numMetabolites
train,0.616037713290311,0.715028918966513,18.733333333333334
test,0.5756498559523205,0.8012566315742884,18.0
