,correlation,log10,numMetabolites
train,0.6837427659015423,0.5046713148741421,53.766666666666666
test,0.6524968027187218,0.5556578577772422,51.63636363636363
