,correlation,log10,numMetabolites
train,0.568251878286842,0.7353183226146247,19.6
test,0.6069982384520984,0.7458874260785724,20.727272727272727
