,correlation,log10,numMetabolites
train,0.7459690775755565,0.5690998229798815,24.966666666666665
test,0.7183022933908355,0.609219414381042,25.181818181818183
