,correlation,log10,numMetabolites
train,0.7345434311451087,0.4747587445210548,42.166666666666664
test,0.6639666529882519,0.568188010378677,43.09090909090909
