,correlation,log10,numMetabolites
train,0.3969763289920451,0.6659736321526346,65.36666666666666
test,0.37183380882662126,0.7562997527453553,65.0909090909091
