,correlation,log10,numMetabolites
train,0.4068896807563054,0.6981847215758109,65.73333333333333
test,0.3937142156425542,0.7345674818422432,65.63636363636364
