,correlation,log10,numMetabolites
train,0.7131409159983871,0.5247273789305618,28.966666666666665
test,0.7282670472584357,0.5268842799163388,28.818181818181817
