,correlation,log10,numMetabolites
train,0.601106161259953,0.7322681007078173,20.933333333333334
test,0.5691660348649817,0.7926621758037592,19.272727272727273
