,correlation,log10,numMetabolites
train,0.6349246603736759,0.6678208124062762,21.833333333333332
test,0.602924070198021,0.7448417427919757,22.09090909090909
