,correlation,log10,numMetabolites
train,0.6496734087307383,0.6982527424678675,20.566666666666666
test,0.6718057177078343,0.6551239427325759,19.272727272727273
