,correlation,log10,numMetabolites
train,0.3386469996519314,0.7684228880632042,62.166666666666664
test,0.3411038755501822,0.7899326150413508,61.09090909090909
