,correlation,log10,numMetabolites
train,0.6867693052575187,0.5512245886495087,31.566666666666666
test,0.6619820761907068,0.6169946242153067,31.818181818181817
