,correlation,log10,numMetabolites
train,0.6991702900968998,0.602066435256415,20.3
test,0.6882590260371773,0.6451630113666792,21.636363636363637
