,correlation,log10,numMetabolites
train,0.6539015193981432,0.5756656927819274,38.9
test,0.6246749432601225,0.6015425867967638,36.81818181818182
