,correlation,log10,numMetabolites
train,0.6576627859178095,0.631710062420703,24.633333333333333
test,0.6488271276684601,0.6707779076146138,24.181818181818183
