,correlation,log10,numMetabolites
train,0.6503749204382916,0.5637597128770527,39.13333333333333
test,0.5884041457615409,0.6159850838374941,40.45454545454545
