,correlation,log10,numMetabolites
train,0.504013261817753,0.659548539909322,65.2
test,0.5083439491225092,0.6573247743187381,65.0
