,correlation,log10,numMetabolites
train,0.6365776975060465,0.6952494849059787,20.133333333333333
test,0.6468748792813138,0.658932754644454,18.0
