,correlation,log10,numMetabolites
train,0.727510903268239,0.5094970658330417,34.266666666666666
test,0.6734206888616044,0.5716696691091561,33.72727272727273
