,correlation,log10,numMetabolites
train,0.7181766629258318,0.5397455266536542,27.933333333333334
test,0.6973829736124382,0.5904197643677627,27.545454545454547
