,correlation,log10,numMetabolites
train,0.7215383957844541,0.4849504472866576,37.43333333333333
test,0.6254758577300051,0.6193959194508649,36.0
