,correlation,log10,numMetabolites
train,0.7365549160570982,0.4786110830995826,34.0
test,0.6478106468901599,0.6091992771739917,34.63636363636363
