,correlation,log10,numMetabolites
train,0.5605893050591253,0.7428264002695676,19.3
test,0.6279364186689409,0.710238676839855,19.454545454545453
