,correlation,log10,numMetabolites
train,0.6721107464007344,0.5513244481626056,36.0
test,0.6099196304078042,0.6383549110330056,35.36363636363637
