,correlation,log10,numMetabolites
train,0.5595589461392713,0.8820126205562858,19.7
test,0.5073345653628744,0.8835939188933821,17.90909090909091
