,correlation,log10,numMetabolites
train,0.6507071017344229,0.5579359593104448,42.13333333333333
test,0.6215330643377877,0.6020768051235855,43.27272727272727
