,correlation,log10,numMetabolites
train,0.5583499973331137,0.6368867436552292,66.0
test,0.5454578371010405,0.6868812249749058,65.27272727272727
