,correlation,log10,numMetabolites
train,0.7280154507488289,0.5112572007925844,35.56666666666667
test,0.6155002003326743,0.6407386060697728,34.63636363636363
