,correlation,log10,numMetabolites
train,0.46031677278742056,0.6787880499377903,65.2
test,0.4467429029640792,0.6863963700567084,63.36363636363637
