,correlation,log10,numMetabolites
train,0.7283423563375782,0.5739048893948605,24.1
test,0.6565159955563438,0.6351617549655985,23.818181818181817
