,correlation,log10,numMetabolites
train,0.6504007299884356,0.6428389548526235,22.033333333333335
test,0.6054476313880118,0.6780250627364836,21.818181818181817
