,correlation,log10,numMetabolites
train,0.7551947947483342,0.4940908646469939,39.86666666666667
test,0.6233863689269585,0.6233756336297281,37.81818181818182
