,correlation,log10,numMetabolites
train,0.673245483585292,0.5363755943717325,42.46666666666667
test,0.6602758336877298,0.5694123881465916,41.81818181818182
