,correlation,log10,numMetabolites
train,0.628523036151091,0.549530619116774,56.56666666666667
test,0.5240085274981555,0.6461063078062284,55.0
