,correlation,log10,numMetabolites
train,0.490726760507359,0.9034344373639106,19.433333333333334
test,0.5665249726315623,0.8206511647392524,18.818181818181817
