,correlation,log10,numMetabolites
train,0.6605857166294986,0.5924990677563481,24.133333333333333
test,0.6875757866463932,0.5973316521780632,23.90909090909091
