,correlation,log10,numMetabolites
train,0.6186941602653935,0.6764512379717724,22.2
test,0.6027171199102498,0.6920156011404107,23.454545454545453
