,correlation,log10,numMetabolites
train,0.6796499116523204,0.5811272721136379,29.0
test,0.608872699614493,0.6528159544969747,29.363636363636363
