,correlation,log10,numMetabolites
train,0.7423307748604238,0.5047283987620954,34.1
test,0.716310747561848,0.5350615368363151,35.27272727272727
