,correlation,log10,numMetabolites
train,0.7243336374392975,0.534621753206224,25.933333333333334
test,0.6479019071106534,0.6131243717214064,24.636363636363637
