,correlation,log10,numMetabolites
train,0.6172208763311906,0.7242678134683663,18.7
test,0.5967269794295166,0.7132347477636787,17.727272727272727
