,correlation,log10,numMetabolites
train,0.6209561939186299,0.7243558165873881,18.966666666666665
test,0.5576033567870095,0.8141108284476896,18.818181818181817
