,correlation,log10,numMetabolites
train,0.6931292107276975,0.5220760784764594,53.06666666666667
test,0.6077199987109658,0.6225564085747233,47.54545454545455
