,correlation,log10,numMetabolites
train,0.6415620417023664,0.7067030216997462,18.4
test,0.582253435606085,0.8501275916754796,18.545454545454547
