,correlation,log10,numMetabolites
train,0.7339740196594948,0.4950308565272691,30.633333333333333
test,0.6936789940486322,0.5809075518098763,30.454545454545453
