,correlation,log10,numMetabolites
train,0.5355619692597298,0.8674349928177373,17.9
test,0.507988417198476,0.9409901350289845,19.09090909090909
