,correlation,log10,numMetabolites
train,0.5696348267434445,0.7656118792776667,19.466666666666665
test,0.5363294565628505,0.827654871001783,20.727272727272727
