,correlation,log10,numMetabolites
train,0.6454184766702572,0.7043343912564489,19.366666666666667
test,0.6677933065620807,0.6619355896271067,19.636363636363637
