,correlation,log10,numMetabolites
train,0.6442382754831324,0.6825516602573835,20.333333333333332
test,0.6423045247157131,0.7098112895786041,20.636363636363637
