,correlation,log10,numMetabolites
train,0.6660806222564443,0.7077741199929276,17.4
test,0.582825377663021,0.7424035665974195,17.727272727272727
