,correlation,log10,numMetabolites
train,0.6360531396309482,0.5717823647898277,41.53333333333333
test,0.5925948076765438,0.6053846445297705,41.81818181818182
