,correlation,log10,numMetabolites
train,0.6010007037284227,0.7278276102318413,19.4
test,0.5729157925227709,0.7302351586369178,18.454545454545453
