,correlation,log10,numMetabolites
train,0.6935504775454595,0.5002079608628691,49.03333333333333
test,0.6181662738210177,0.5767502211019482,50.18181818181818
