,correlation,log10,numMetabolites
train,0.6661208684767429,0.6031512069960757,23.766666666666666
test,0.6403669140603628,0.6439845195077639,24.545454545454547
