,correlation,log10,numMetabolites
train,0.5659199622238792,0.748575700672431,19.266666666666666
test,0.5427329962686892,0.7794180351091157,19.0
