,correlation,log10,numMetabolites
train,0.625048997032453,0.5840186847138289,37.96666666666667
test,0.5626152921690809,0.6339617837516568,35.72727272727273
