,correlation,log10,numMetabolites
train,0.4226653642783729,0.7299194053740282,65.23333333333333
test,0.3885203675900011,0.738509048029682,64.36363636363636
