,correlation,log10,numMetabolites
train,0.6623630562841175,0.5432826873995297,51.56666666666667
test,0.6347536726933126,0.5751133438825684,50.72727272727273
