,correlation,log10,numMetabolites
train,0.6873214402096667,0.48800765682903574,52.2
test,0.5741871123554806,0.6175505348366133,49.54545454545455
