,correlation,log10,numMetabolites
train,0.7034734898555078,0.5031137610052127,58.8
test,0.7002254278481452,0.5493586517183812,58.09090909090909
