,correlation,log10,numMetabolites
train,0.6530343353587303,0.6063703049567397,28.133333333333333
test,0.6182886988147364,0.6652959854563875,27.636363636363637
