,correlation,log10,numMetabolites
train,0.5302953097066414,0.6442931840393838,65.26666666666667
test,0.5030362758529715,0.6583695847209036,64.45454545454545
