,correlation,log10,numMetabolites
train,0.6881335730763755,0.516996045906184,52.733333333333334
test,0.6293140983388407,0.5782898393984275,48.54545454545455
