,correlation,log10,numMetabolites
train,0.7289273729392682,0.45466507228776043,40.46666666666667
test,0.6246717659578745,0.5640364103463223,42.18181818181818
