,correlation,log10,numMetabolites
train,0.7189799648657089,0.5373296457838297,31.166666666666668
test,0.6732152851273044,0.616514163075667,29.636363636363637
