,correlation,log10,numMetabolites
train,0.7028369082103201,0.6122968792432402,20.8
test,0.6312786957089068,0.7004459815025986,19.90909090909091
