,correlation,log10,numMetabolites
train,0.5548360851112777,0.6283751188814303,64.43333333333334
test,0.5269678534285953,0.6367550728676427,63.27272727272727
