,correlation,log10,numMetabolites
train,0.7036344842538393,0.5376638845070896,34.3
test,0.6909577128552654,0.5853340699536118,33.63636363636363
