,correlation,log10,numMetabolites
train,0.770905081830416,0.5032064437829208,28.166666666666668
test,0.7230130978251106,0.5711921518156693,28.636363636363637
