,correlation,log10,numMetabolites
train,0.5376265409824404,0.6252969489719038,63.166666666666664
test,0.4731834436770853,0.6714976479906839,63.90909090909091
