,correlation,log10,numMetabolites
train,0.5948134464840503,0.7150448211557846,19.133333333333333
test,0.5680345547722253,0.7522147563048055,19.363636363636363
