,correlation,log10,numMetabolites
train,0.7137717270375181,0.5118900627476892,26.566666666666666
test,0.612651403511932,0.6251170541550848,26.363636363636363
