,correlation,log10,numMetabolites
train,0.6358975758995592,0.5532809695484563,38.36666666666667
test,0.6418937379220943,0.5809690707830124,38.18181818181818
