,correlation,log10,numMetabolites
train,0.6714584310753514,0.617414167079516,27.433333333333334
test,0.6871705658546993,0.6167825101558592,27.363636363636363
