,correlation,log10,numMetabolites
train,0.5844112139798603,0.7356036076164448,20.2
test,0.584269436253663,0.7089701440224262,20.636363636363637
