,correlation,log10,numMetabolites
train,0.7468798337147493,0.5075258452369994,30.933333333333334
test,0.6803798331408065,0.6012578259433536,31.90909090909091
