,correlation,log10,numMetabolites
train,0.7089844425058341,0.504074237177739,50.833333333333336
test,0.6762263806191507,0.5642723421032797,50.72727272727273
