,correlation,log10,numMetabolites
train,0.32155438496635697,0.8060691365965004,62.36666666666667
test,0.3092677712657576,0.8249093378407589,63.36363636363637
