,correlation,log10,numMetabolites
train,0.5188828950142452,0.6613746923929177,66.06666666666666
test,0.48417717688237316,0.6837840875188713,64.9090909090909
