,correlation,log10,numMetabolites
train,0.3608212440039092,0.7230555616763356,65.96666666666667
test,0.33447513079382174,0.7689610574573366,64.0
