,correlation,log10,numMetabolites
train,0.7806299827989814,0.4803250335069404,29.8
test,0.7056772911536142,0.5892333304489559,28.454545454545453
