,correlation,log10,numMetabolites
train,0.5029740524652608,0.669498425288812,65.83333333333333
test,0.4625114016492974,0.7391549652549813,64.18181818181819
