,correlation,log10,numMetabolites
train,0.28232504117916324,0.8025078633347508,63.6
test,0.35501861536467466,0.7893377476034835,62.54545454545455
