,correlation,log10,numMetabolites
train,0.44687590837736424,0.6642828631873663,66.13333333333334
test,0.39766875127695517,0.7584796518270437,65.0
