,correlation,log10,numMetabolites
train,0.6027854908315617,0.5862293091356523,43.6
test,0.5623135428810321,0.6210166921359156,43.27272727272727
