,correlation,log10,numMetabolites
train,0.6551080731995055,0.6525391397046448,21.233333333333334
test,0.6249505110568989,0.652788562784383,19.545454545454547
