,correlation,log10,numMetabolites
train,0.520167998982545,0.8787397225854857,18.333333333333332
test,0.5278405836927971,0.9449923617613668,18.09090909090909
