,correlation,log10,numMetabolites
train,0.684771026328021,0.523820682692216,48.8
test,0.6434260945929903,0.5528905040226362,51.09090909090909
