,correlation,log10,numMetabolites
train,0.7344557518864081,0.49397542939311306,39.0
test,0.6982254635939743,0.5715718220031278,36.0
