,correlation,log10,numMetabolites
train,0.6999014915067827,0.5008294342023272,41.36666666666667
test,0.6713351394757348,0.5891422070145625,40.09090909090909
