,correlation,log10,numMetabolites
train,0.6302311179453436,0.7192566346518099,21.766666666666666
test,0.5693670434445978,0.7297582749976251,20.545454545454547
