,correlation,log10,numMetabolites
train,0.707872419141956,0.5809974173897786,28.3
test,0.7138047755694331,0.5865375191117015,28.727272727272727
