,correlation,log10,numMetabolites
train,0.7012305489109775,0.53159925769932,35.13333333333333
test,0.6110842743395424,0.6055694301495846,33.27272727272727
