,correlation,log10,numMetabolites
train,0.598444596402616,0.6841974272366655,27.033333333333335
test,0.5649532082511691,0.7080113459783496,26.181818181818183
