,correlation,log10,numMetabolites
train,0.6434461239837711,0.5574597153237361,34.2
test,0.6359263608031679,0.5877588687197417,35.27272727272727
