,correlation,log10,numMetabolites
train,0.6588657842997157,0.5528527862498138,39.4
test,0.5880994295167005,0.6370009472397388,40.18181818181818
