,correlation,log10,numMetabolites
train,0.6369140907796006,0.547193447768048,37.56666666666667
test,0.696439373476722,0.5641821327809878,37.09090909090909
