,correlation,log10,numMetabolites
train,0.6439372993666478,0.6223981852254141,30.233333333333334
test,0.6493054212521844,0.5921630473656385,30.818181818181817
