,correlation,log10,numMetabolites
train,0.5185365214151197,0.8950006359650219,18.3
test,0.5135170184388187,0.8853883571478985,18.181818181818183
