,correlation,log10,numMetabolites
train,0.685270049891114,0.5377817474111721,29.366666666666667
test,0.6844525684889364,0.5713944159522341,28.363636363636363
