,correlation,log10,numMetabolites
train,0.7012092132038926,0.5003460418083231,38.766666666666666
test,0.6547044706408932,0.6079410852622344,41.54545454545455
