,correlation,log10,numMetabolites
train,0.4008670606621277,0.7487317602911715,59.63333333333333
test,0.36366644887528615,0.7739414225911365,62.45454545454545
