,correlation,log10,numMetabolites
train,0.6321550258004459,0.6781100273461007,19.533333333333335
test,0.6425571502072386,0.6955052766498608,19.818181818181817
