,correlation,log10,numMetabolites
train,0.3619404362210038,0.7408933766488816,61.86666666666667
test,0.355797947564225,0.778850271157755,63.63636363636363
