,correlation,log10,numMetabolites
train,0.5793920054482976,0.7784800344323066,18.2
test,0.5774198544881961,0.7561273276838292,19.0
