,correlation,log10,numMetabolites
train,0.6743648197241313,0.6517425625646653,18.7
test,0.6010318819034146,0.7446925302556276,18.0
