,correlation,log10,numMetabolites
train,0.38268590308563905,0.7446521723276668,62.2
test,0.3599794269185184,0.7142860856630378,60.90909090909091
