,correlation,log10,numMetabolites
train,0.5090072798016704,0.648056070465136,64.9
test,0.4330836174719433,0.6751501490293769,64.54545454545455
