,correlation,log10,numMetabolites
train,0.6116231552235305,0.718414668134825,21.033333333333335
test,0.609138420009439,0.6970262984915261,20.90909090909091
