,correlation,log10,numMetabolites
train,0.7064975032251534,0.5849260797641959,25.2
test,0.6659546108209523,0.6309359347688549,25.818181818181817
