,correlation,log10,numMetabolites
train,0.6933589964332108,0.5663502246681825,27.3
test,0.6567649080498383,0.6401003564561409,27.90909090909091
