,correlation,log10,numMetabolites
train,0.7621352523090696,0.5077606354651001,32.733333333333334
test,0.720167900832741,0.5466214984381615,33.27272727272727
