,correlation,log10,numMetabolites
train,0.6751941425167426,0.5053677184835446,58.266666666666666
test,0.627397542850387,0.5657653400304506,55.18181818181818
