,correlation,log10,numMetabolites
train,0.7129775354426127,0.5201382355985843,34.6
test,0.6555848676640189,0.594657077266637,34.27272727272727
