,correlation,log10,numMetabolites
train,0.49975936167226004,0.648681761381902,65.66666666666667
test,0.4433653394631973,0.6474316470717457,63.54545454545455
