,correlation,log10,numMetabolites
train,0.7234851050861916,0.5737748380211214,22.633333333333333
test,0.691084162687919,0.6307834549720978,23.0
