,correlation,log10,numMetabolites
train,0.7381182464455135,0.510291234156594,30.333333333333332
test,0.7076615556917223,0.5483034791929922,29.454545454545453
