,correlation,log10,numMetabolites
train,0.717746619094605,0.5453199620833266,28.566666666666666
test,0.7314870870237992,0.552092243734645,28.454545454545453
