,correlation,log10,numMetabolites
train,0.7009313607470647,0.5668811242017405,28.866666666666667
test,0.6301536683833431,0.6331415685959623,28.545454545454547
