,correlation,log10,numMetabolites
train,0.6970741435943962,0.6009593450774335,23.733333333333334
test,0.7285541323134087,0.5805979276819495,24.09090909090909
