,correlation,log10,numMetabolites
train,0.6680820821068897,0.54592293129471,31.866666666666667
test,0.6519455684775132,0.6247299680982229,32.27272727272727
