,correlation,log10,numMetabolites
train,0.3474998367889142,0.7727750001180667,59.0
test,0.2844903850007997,0.7928218792505735,60.63636363636363
