,correlation,log10,numMetabolites
train,0.6976890150594548,0.5143556816634499,36.03333333333333
test,0.6587717981771553,0.5574318129129698,37.72727272727273
