,correlation,log10,numMetabolites
train,0.4576196987334277,0.6745815252862603,65.93333333333334
test,0.48185170211343104,0.6814520415857364,64.0
