,correlation,log10,numMetabolites
train,0.6030011984460817,0.6308563222145167,27.0
test,0.5537594356837906,0.6757872459932327,28.0
