,correlation,log10,numMetabolites
train,0.6957507134733559,0.56684016893135,27.133333333333333
test,0.6108679912301447,0.6222480847022076,25.09090909090909
