,correlation,log10,numMetabolites
train,0.6979687003920284,0.5078369265277299,54.2
test,0.6257867667100748,0.5896187824424256,53.81818181818182
