,correlation,log10,numMetabolites
train,0.6465594619198196,0.5580177423012646,35.13333333333333
test,0.6506668745916082,0.6048968115556091,34.90909090909091
