,correlation,log10,numMetabolites
train,0.5177760877035299,0.6442220789752302,65.4
test,0.43114648876812045,0.7181578555191035,63.90909090909091
