,correlation,log10,numMetabolites
train,0.6856099518638644,0.6514228951337873,18.166666666666668
test,0.6408646413563033,0.7192748600405339,18.818181818181817
