,correlation,log10,numMetabolites
train,0.7360129696943939,0.49216875558647044,37.86666666666667
test,0.7142426977688373,0.5769130756763837,37.45454545454545
