,correlation,log10,numMetabolites
train,0.38052839494595403,0.7265330820881601,65.83333333333333
test,0.35918397909246197,0.7467455959077124,64.36363636363636
