,correlation,log10,numMetabolites
train,0.6807104611420466,0.5352734340752084,32.36666666666667
test,0.6383443555839293,0.5820009290835787,32.45454545454545
