,correlation,log10,numMetabolites
train,0.721491196853732,0.5362425973759124,26.366666666666667
test,0.6260475388733492,0.6124398948943474,25.636363636363637
