,correlation,log10,numMetabolites
train,0.5695221333959665,0.6920792245734755,24.766666666666666
test,0.5330882942447669,0.7334293450412478,24.454545454545453
