,correlation,log10,numMetabolites
train,0.687609195141648,0.48879753213458843,42.53333333333333
test,0.6345795966503384,0.5538473822828367,45.18181818181818
