,correlation,log10,numMetabolites
train,0.6348384456060507,0.6997511310628712,19.4
test,0.629481402452692,0.6944824854150601,19.363636363636363
