,correlation,log10,numMetabolites
train,0.7480374069133517,0.5352561657840618,26.533333333333335
test,0.686291605898298,0.6393215560951747,27.727272727272727
