,correlation,log10,numMetabolites
train,0.7299591373500172,0.5606014160748883,27.433333333333334
test,0.6733229007486596,0.6293122188193745,27.272727272727273
