,correlation,log10,numMetabolites
train,0.6839504917538436,0.544399354699649,37.1
test,0.6179391466288668,0.6107714108016549,35.54545454545455
