,correlation,log10,numMetabolites
train,0.7308406364624012,0.5008463535423815,33.0
test,0.648729187064051,0.5794694577314808,31.90909090909091
