,correlation,log10,numMetabolites
train,0.7442238916718734,0.5470839620407272,25.0
test,0.7018873361657499,0.6041095124527531,26.181818181818183
