,correlation,log10,numMetabolites
train,0.6989890017831031,0.5728777172457364,30.066666666666666
test,0.652528244393199,0.6116196235590992,30.545454545454547
