,correlation,log10,numMetabolites
train,0.6770282154175088,0.5917419788394137,25.333333333333332
test,0.6791230896495818,0.6211936435356343,25.09090909090909
