,correlation,log10,numMetabolites
train,0.7276937459755823,0.5099334243861945,27.9
test,0.6633788581044576,0.5998610579458826,28.0
