,correlation,log10,numMetabolites
train,0.5996455445939529,0.7261912780796713,19.3
test,0.5942373405594505,0.7186926083648167,20.272727272727273
