,correlation,log10,numMetabolites
train,0.6183742736010526,0.5606371014194764,48.1
test,0.6056463530791962,0.5849541941884059,46.45454545454545
