,correlation,log10,numMetabolites
train,0.7026638260874453,0.5454090230029832,31.9
test,0.6300517120166601,0.6293524447588864,29.818181818181817
