,correlation,log10,numMetabolites
train,0.695910784714579,0.6303776471819038,21.466666666666665
test,0.6803042369609514,0.6670907453551769,22.272727272727273
