,correlation,log10,numMetabolites
train,0.7041829772528391,0.5942120044576676,23.3
test,0.6903814384059309,0.6321294659857827,25.09090909090909
