,correlation,log10,numMetabolites
train,0.6978066139402603,0.5165884395486001,42.733333333333334
test,0.6841541069024761,0.569770179160927,42.45454545454545
