,correlation,log10,numMetabolites
train,0.7066581140929472,0.4709490751823868,57.333333333333336
test,0.6452489959250131,0.5440370561474007,55.90909090909091
