,correlation,log10,numMetabolites
train,0.6867403027069743,0.549305024421976,34.266666666666666
test,0.6637205685307538,0.5897099873162177,36.63636363636363
