,correlation,log10,numMetabolites
train,0.6543328182152581,0.664705013523106,20.266666666666666
test,0.6461225287094668,0.7086601024886002,20.0
