,correlation,log10,numMetabolites
train,0.3892165244187448,0.7398258788123575,62.7
test,0.42404877403325986,0.7345025258547174,63.27272727272727
