,correlation,log10,numMetabolites
train,0.6786895079472676,0.5683088382791541,28.266666666666666
test,0.6542689088362759,0.6652566833019181,27.181818181818183
