,correlation,log10,numMetabolites
train,0.7060972554240194,0.49580005769910207,35.0
test,0.6662188687447771,0.5773852523004118,37.0
