,correlation,log10,numMetabolites
train,0.6782310884393132,0.5701903147153369,30.533333333333335
test,0.650152108027004,0.6088616911642797,31.727272727272727
