,correlation,log10,numMetabolites
train,0.3834544410856347,0.7631427040899245,62.666666666666664
test,0.34700458351080704,0.8098934266110986,55.54545454545455
