,correlation,log10,numMetabolites
train,0.7124570867310551,0.4799236738421816,61.43333333333333
test,0.6622505020148952,0.560838456227414,62.63636363636363
