,correlation,log10,numMetabolites
train,0.6998232500128463,0.5163351810964354,48.9
test,0.6546535660191877,0.5617171502729608,49.63636363636363
