,correlation,log10,numMetabolites
train,0.680510006772318,0.5107817929961206,39.43333333333333
test,0.663248083468146,0.549973215494632,39.81818181818182
