,correlation,log10,numMetabolites
train,0.6771268647023725,0.5309624664402031,51.53333333333333
test,0.6168026869637565,0.5818367299773495,51.18181818181818
