,correlation,log10,numMetabolites
train,0.6661818337810899,0.6743468358786917,19.666666666666668
test,0.6472350323431602,0.7209056631482414,17.90909090909091
