,correlation,log10,numMetabolites
train,0.34783508739266494,0.7255505070969888,65.16666666666667
test,0.31331402230265976,0.7732104811151704,63.45454545454545
