,correlation,log10,numMetabolites
train,0.5617202438087447,0.781561056263261,17.333333333333332
test,0.605905497992571,0.8053065118047495,17.636363636363637
