,correlation,log10,numMetabolites
train,0.6169003039896631,0.7504800799600645,18.4
test,0.6261512695903323,0.7238267299242762,18.272727272727273
