,correlation,log10,numMetabolites
train,0.3574005769891748,0.7531395759190809,63.7
test,0.38000808450790385,0.7402629989608034,62.72727272727273
