,correlation,log10,numMetabolites
train,0.7088114355295377,0.4883532217134612,55.63333333333333
test,0.7153621844319097,0.5079279719451587,56.09090909090909
