,correlation,log10,numMetabolites
train,0.6917589718009798,0.5106418327627672,56.43333333333333
test,0.6454562904749928,0.5498828341513078,55.36363636363637
