,correlation,log10,numMetabolites
train,0.657576857803625,0.5338726545116237,54.06666666666667
test,0.5876591635945939,0.6357057534877509,49.54545454545455
