,correlation,log10,numMetabolites
train,0.7319946518566078,0.5133891103051602,30.433333333333334
test,0.668142088285314,0.6043003248250493,30.09090909090909
