,correlation,log10,numMetabolites
train,0.6071586319296637,0.7312931188739294,19.033333333333335
test,0.4959260924286646,0.7981790597992557,20.09090909090909
