,correlation,log10,numMetabolites
train,0.6679552574564106,0.6548583420477192,21.333333333333332
test,0.5840344879247877,0.7287951829301139,19.818181818181817
