,correlation,log10,numMetabolites
train,0.538751896567597,0.8855498925895264,18.3
test,0.498477132894633,0.8888333352568879,17.818181818181817
