,correlation,log10,numMetabolites
train,0.7537908892592395,0.4608092749614696,43.8
test,0.6407651431401977,0.5861486329169693,42.63636363636363
