,correlation,log10,numMetabolites
train,0.7317507147583707,0.5387802668963306,29.6
test,0.6923974837260712,0.6098724717329087,28.0
