,correlation,log10,numMetabolites
train,0.7059175811483094,0.480114985774871,44.0
test,0.6548034856654419,0.5346278573328737,46.09090909090909
