,correlation,log10,numMetabolites
train,0.729656928845303,0.5527295454694268,23.633333333333333
test,0.6670495832926446,0.6140808502939058,23.272727272727273
