,correlation,log10,numMetabolites
train,0.6608806235078274,0.5411266287551751,44.4
test,0.6129316094783275,0.5992642574358649,45.54545454545455
