,correlation,log10,numMetabolites
train,0.44894410234790344,0.6810752521838653,65.03333333333333
test,0.37335029480623394,0.7673886633030257,66.27272727272727
