,correlation,log10,numMetabolites
train,0.695629448483663,0.6091087539114258,23.133333333333333
test,0.6360538709956329,0.6400836229621683,23.90909090909091
