,correlation,log10,numMetabolites
train,0.6685960701871703,0.5250978011424511,49.766666666666666
test,0.6180074953348579,0.5769307893803092,47.45454545454545
