,correlation,log10,numMetabolites
train,0.6916228794316612,0.5771359485085754,28.2
test,0.6880712485535002,0.5902326494172617,28.363636363636363
