,correlation,log10,numMetabolites
train,0.32987337267359046,0.761856911844393,65.63333333333334
test,0.30431595746239,0.7645130196384219,62.45454545454545
