,correlation,log10,numMetabolites
train,0.37327876791260006,0.7681916689740381,61.5
test,0.3778424528025198,0.7789833539454795,63.27272727272727
