,correlation,log10,numMetabolites
train,0.6022467679817002,0.692171907164186,22.066666666666666
test,0.5683839174434089,0.7391122356964215,22.363636363636363
