,correlation,log10,numMetabolites
train,0.6406283205712326,0.6014427753927993,25.533333333333335
test,0.5979778358949273,0.6798366050307798,24.363636363636363
