,correlation,log10,numMetabolites
train,0.6439851446918425,0.5549892723661184,50.4
test,0.6336341868580933,0.5838423437193841,53.54545454545455
