,correlation,log10,numMetabolites
train,0.6227391720684518,0.6874381596570895,20.133333333333333
test,0.5788003399604364,0.730488139013757,20.818181818181817
