,correlation,log10,numMetabolites
train,0.4452724973047195,0.7286629489409809,65.86666666666666
test,0.38703761724448815,0.7561422170248427,63.0
