,correlation,log10,numMetabolites
train,0.6866638745159913,0.5801579269622525,29.533333333333335
test,0.6042223704624894,0.6347192172461283,29.0
