,correlation,log10,numMetabolites
train,0.5263380279723504,0.8410984949178585,19.7
test,0.5756840400640069,0.8373939313563621,21.0
