,correlation,log10,numMetabolites
train,0.5369686358766342,0.7684944696320879,20.233333333333334
test,0.5130720017526804,0.7793029872221325,18.818181818181817
