,correlation,log10,numMetabolites
train,0.6748820514583336,0.6111418863299414,26.933333333333334
test,0.6395815643423098,0.664867651316962,27.272727272727273
