,correlation,log10,numMetabolites
train,0.6893198882089757,0.5260369266719676,48.43333333333333
test,0.6681511486331488,0.5438517525641642,49.18181818181818
