,correlation,log10,numMetabolites
train,0.7125164639888516,0.5056962629398497,36.233333333333334
test,0.6702592919248226,0.5786558723565126,37.09090909090909
