,correlation,log10,numMetabolites
train,0.545234384907493,0.8613322519147677,18.666666666666668
test,0.48427113245967573,0.8717716935077575,17.181818181818183
