,correlation,log10,numMetabolites
train,0.7282659885393667,0.5103579720055212,30.966666666666665
test,0.6766688613190344,0.585258544011841,32.90909090909091
