,correlation,log10,numMetabolites
train,0.7074297719047632,0.596547717365363,20.266666666666666
test,0.7391463398426873,0.5337710459912188,20.272727272727273
