,correlation,log10,numMetabolites
train,0.6099903963373835,0.7033830532413926,19.3
test,0.614341944639182,0.737253100851828,19.545454545454547
