,correlation,log10,numMetabolites
train,0.6919928367224649,0.5765474333111461,26.866666666666667
test,0.6076813193221586,0.6491214891381379,25.818181818181817
