,correlation,log10,numMetabolites
train,0.7325508510261037,0.4781290570526554,38.46666666666667
test,0.6764766560939564,0.5575366529507942,40.45454545454545
