,correlation,log10,numMetabolites
train,0.7175365740660242,0.5141816742444411,34.2
test,0.6360918437070407,0.5961569206648223,34.36363636363637
