,correlation,log10,numMetabolites
train,0.6965961891339536,0.512379383290271,34.266666666666666
test,0.6341655488684406,0.614601782010581,33.63636363636363
