,correlation,log10,numMetabolites
train,0.7008120596674515,0.5111110778280441,53.8
test,0.644591789972985,0.5630554028376312,55.27272727272727
