,correlation,log10,numMetabolites
train,0.6826103526471615,0.5264355905810639,53.63333333333333
test,0.6570291486148266,0.5720646535883236,53.54545454545455
