,correlation,log10,numMetabolites
train,0.7347923341195378,0.530897207339779,26.6
test,0.6612321160191634,0.6232223839370388,27.545454545454547
