,correlation,log10,numMetabolites
train,0.5504822762056024,0.6406043182671153,65.26666666666667
test,0.5443416018784012,0.6734558948632011,64.0
