,correlation,log10,numMetabolites
train,0.40869437667342695,0.699585176362361,65.96666666666667
test,0.4440503231430355,0.6962118342376721,65.54545454545455
