,correlation,log10,numMetabolites
train,0.6681930842876388,0.595537128895637,23.433333333333334
test,0.6745242207854703,0.6327155984411399,23.727272727272727
