,correlation,log10,numMetabolites
train,0.6444919224605118,0.5586301311132732,45.96666666666667
test,0.5979564336657618,0.6274454876587039,43.63636363636363
