,correlation,log10,numMetabolites
train,0.6716818573131739,0.5329614165034966,51.233333333333334
test,0.6066595290270416,0.5863385210452813,48.54545454545455
