,correlation,log10,numMetabolites
train,0.43796520632899455,0.7171519135909279,64.43333333333334
test,0.4489832830403099,0.7077946487220058,62.36363636363637
