,correlation,log10,numMetabolites
train,0.7189177424492993,0.5403974691073975,28.3
test,0.6434099903801265,0.6021619488089504,28.454545454545453
