,correlation,log10,numMetabolites
train,0.5066376360427147,0.902239855063338,18.266666666666666
test,0.5862853206543225,0.8276553199871395,18.181818181818183
