,correlation,log10,numMetabolites
train,0.6943052987162174,0.5926422563784022,23.633333333333333
test,0.697253064165634,0.609667742419917,22.545454545454547
