,correlation,log10,numMetabolites
train,0.7198074076925227,0.4996513084890633,33.06666666666667
test,0.6913760058791074,0.574916092338129,32.90909090909091
