,correlation,log10,numMetabolites
train,0.48211281272431245,0.6578156107170661,66.13333333333334
test,0.49184542989276386,0.6746142806333785,64.0909090909091
