,correlation,log10,numMetabolites
train,0.7020861344486373,0.4955544899648737,52.266666666666666
test,0.6410802808180625,0.5788313788788236,50.36363636363637
