,correlation,log10,numMetabolites
train,0.761974559246134,0.48102886605759365,34.9
test,0.670854970808046,0.5864997584060639,31.545454545454547
