,correlation,log10,numMetabolites
train,0.7102904390265218,0.47911953890590586,39.0
test,0.6784185765582313,0.549230041710587,41.72727272727273
