,correlation,log10,numMetabolites
train,0.7315778443491106,0.568548454612798,22.633333333333333
test,0.6937455065845332,0.631954311456296,23.272727272727273
