,correlation,log10,numMetabolites
train,0.6929203784500609,0.4923985946489064,34.5
test,0.6369291012685522,0.5624305122674907,34.90909090909091
