,correlation,log10,numMetabolites
train,0.4538214974713235,0.6896969216261291,66.4
test,0.4150617364606389,0.7283164997042733,63.90909090909091
