,correlation,log10,numMetabolites
train,0.6095720277906832,0.7024085247110065,20.733333333333334
test,0.5460020741283584,0.7084461607415978,20.363636363636363
