,correlation,log10,numMetabolites
train,0.6219810529069816,0.586756230240313,43.266666666666666
test,0.6264592559002161,0.5972927961298997,43.09090909090909
