,correlation,log10,numMetabolites
train,0.7479584744297127,0.5056556241650366,27.766666666666666
test,0.6956672370381161,0.58088537811479,28.727272727272727
