,correlation,log10,numMetabolites
train,0.6844144193214856,0.5157027897669859,57.6
test,0.6912485292118362,0.5397667084785156,61.72727272727273
