,correlation,log10,numMetabolites
train,0.6827797974255895,0.5722571072868661,39.166666666666664
test,0.6430768448558638,0.6216509790637642,37.09090909090909
