,correlation,log10,numMetabolites
train,0.6824452970751748,0.6229885824374123,21.666666666666668
test,0.6284492073029088,0.703812119106457,22.727272727272727
