,correlation,log10,numMetabolites
train,0.683696108761632,0.5882598337000833,26.333333333333332
test,0.7125070128570155,0.528814321468062,26.181818181818183
