,correlation,log10,numMetabolites
train,0.35790477290959105,0.7091689807147673,65.03333333333333
test,0.3361158677872322,0.7415373575230934,63.63636363636363
