,correlation,log10,numMetabolites
train,0.6228907432424743,0.7303159220731819,19.5
test,0.6842019940034868,0.7051688183163043,18.90909090909091
