,correlation,log10,numMetabolites
train,0.6925194195697094,0.5377669744462471,30.0
test,0.6200904085420077,0.6255522667128083,32.54545454545455
