,correlation,log10,numMetabolites
train,0.6745127064645702,0.6113414102788397,20.7
test,0.5910603106610087,0.7120588029934113,21.545454545454547
