,correlation,log10,numMetabolites
train,0.38697197247635473,0.7258624025050974,66.03333333333333
test,0.41512728464268595,0.7537822115749805,61.27272727272727
