,correlation,log10,numMetabolites
train,0.6409233448135612,0.7077705557886008,18.933333333333334
test,0.5584111862304116,0.7886933528742657,19.181818181818183
