,correlation,log10,numMetabolites
train,0.737475675146271,0.5163285668892056,30.066666666666666
test,0.7012210720813321,0.5712368425137796,29.09090909090909
