,correlation,log10,numMetabolites
train,0.4127181030443525,0.6968087291209106,65.2
test,0.3638356610525278,0.7274400189548114,62.63636363636363
