,correlation,log10,numMetabolites
train,0.7080550704449942,0.4823989853172096,33.233333333333334
test,0.6171801721345214,0.5872942213287158,35.09090909090909
