,correlation,log10,numMetabolites
train,0.7760992797088413,0.4899417502812406,28.666666666666668
test,0.6865748011434475,0.5782241041101822,29.545454545454547
