,correlation,log10,numMetabolites
train,0.7365408176317736,0.49884738092358144,35.833333333333336
test,0.6479306214083009,0.5986282025591597,34.54545454545455
