,correlation,log10,numMetabolites
train,0.7180361695461728,0.5659333985444979,25.566666666666666
test,0.64146470508601,0.6186018517510866,24.636363636363637
