,correlation,log10,numMetabolites
train,0.6704222428559767,0.4979304114706425,57.46666666666667
test,0.6526945771224203,0.5399202239073418,59.27272727272727
