,correlation,log10,numMetabolites
train,0.5844365812354971,0.7244311422109843,18.5
test,0.5961244005634599,0.7677411532320856,18.454545454545453
