,correlation,log10,numMetabolites
train,0.3908426025126476,0.713162949467598,64.6
test,0.40550612932459185,0.7254477689818366,65.81818181818181
