,correlation,log10,numMetabolites
train,0.6462185534181792,0.661386469202901,23.7
test,0.6039575113797856,0.6822571408824637,22.727272727272727
