,correlation,log10,numMetabolites
train,0.699604098366899,0.5500452449701022,28.466666666666665
test,0.6486648414609395,0.5872595778793944,27.0
