,correlation,log10,numMetabolites
train,0.7095342532648694,0.4954027246518943,59.666666666666664
test,0.6359660193017682,0.5638622877247439,61.90909090909091
