,correlation,log10,numMetabolites
train,0.6453475838042908,0.6469943737806402,24.3
test,0.6567511685506311,0.6870916134079758,22.0
