,correlation,log10,numMetabolites
train,0.694842885133035,0.5968111879392987,24.133333333333333
test,0.6499064185197886,0.6609491991806846,22.727272727272727
