,correlation,log10,numMetabolites
train,0.5279588941323591,0.891145413449522,18.133333333333333
test,0.5635817820782784,0.8478577464299728,18.363636363636363
