,correlation,log10,numMetabolites
train,0.678571650378543,0.5626709005844475,28.8
test,0.691330923230399,0.5849038951916503,29.818181818181817
