,correlation,log10,numMetabolites
train,0.6875641427126664,0.5527577997078171,31.1
test,0.6748777504807933,0.6068717558409643,31.454545454545453
