,correlation,log10,numMetabolites
train,0.5763866951252563,0.7583165354932352,18.266666666666666
test,0.5793458159156372,0.7876963845707752,17.90909090909091
