,correlation,log10,numMetabolites
train,0.7113605317365266,0.5122709864993548,33.766666666666666
test,0.6519186751446663,0.6355562918104763,37.36363636363637
