,correlation,log10,numMetabolites
train,0.6163816667086628,0.7248062929552656,19.633333333333333
test,0.5194272666446029,0.7824319296186274,19.181818181818183
