,correlation,log10,numMetabolites
train,0.7301711978798343,0.5346548912110612,29.7
test,0.679560811829076,0.5695716838162156,29.363636363636363
