,correlation,log10,numMetabolites
train,0.7004272573088453,0.5656043025659627,25.8
test,0.6588424575165225,0.6059088712829658,26.454545454545453
