,correlation,log10,numMetabolites
train,0.6528056668922579,0.5951602480357874,29.6
test,0.6163008345082943,0.6479268381007132,29.181818181818183
