,correlation,log10,numMetabolites
train,0.6263967093151878,0.6831632624300579,20.533333333333335
test,0.6178157348996351,0.7391838477551008,21.181818181818183
