,correlation,log10,numMetabolites
train,0.66773049955449,0.6542669398509428,22.433333333333334
test,0.6773647930240851,0.6335042040019423,22.818181818181817
