,correlation,log10,numMetabolites
train,0.6878991773051619,0.5546123418344934,30.7
test,0.6673414169219943,0.6148482872112425,31.545454545454547
