,correlation,log10,numMetabolites
train,0.4379768686812246,0.6767405304281908,66.33333333333333
test,0.35080259671377473,0.7378241046177244,65.0
