,correlation,log10,numMetabolites
train,0.7047326564469115,0.5466719359336244,31.766666666666666
test,0.6984771868833375,0.5782493244334674,29.09090909090909
