,correlation,log10,numMetabolites
train,0.7473317002390815,0.5051299388714761,34.0
test,0.6740151604840412,0.5931793388648594,34.0
