,correlation,log10,numMetabolites
train,0.5983588959181277,0.6737254771002028,27.6
test,0.5881843096990399,0.698827319767646,25.454545454545453
