,correlation,log10,numMetabolites
train,0.650351331862025,0.7086249613542445,18.433333333333334
test,0.6140303192111669,0.6891408370668144,18.0
