,correlation,log10,numMetabolites
train,0.3166795457450199,0.7744326480422821,62.96666666666667
test,0.2643693180274429,0.7869774195829057,60.18181818181818
