,correlation,log10,numMetabolites
train,0.7388810096273486,0.47780350795366927,38.36666666666667
test,0.6009533494874106,0.5861269287552591,40.18181818181818
