,correlation,log10,numMetabolites
train,0.3284519194116795,0.7768234734443432,60.5
test,0.26459100003498287,0.8234531253356469,60.72727272727273
