,correlation,log10,numMetabolites
train,0.6673956616172885,0.5412540948993505,54.03333333333333
test,0.6423805466579173,0.5930742568435569,53.36363636363637
