,correlation,log10,numMetabolites
train,0.46608323679722835,0.7135765302575928,60.766666666666666
test,0.4820597903010775,0.7256680290596969,62.0
