,correlation,log10,numMetabolites
train,0.6904780102891894,0.6219943829071553,18.233333333333334
test,0.6435438872830697,0.6972158650364016,19.272727272727273
