,correlation,log10,numMetabolites
train,0.6815846548766665,0.5051691631152374,56.13333333333333
test,0.6523466393853531,0.5478677802198776,56.27272727272727
