,correlation,log10,numMetabolites
train,0.7295000955700215,0.5453996402517237,26.133333333333333
test,0.6847497075154232,0.5873631272192431,25.09090909090909
