,correlation,log10,numMetabolites
train,0.7033127012163711,0.5693158980602431,29.533333333333335
test,0.64131109767331,0.641298700070601,27.90909090909091
