,correlation,log10,numMetabolites
train,0.43193690183310574,0.7415380187699893,60.53333333333333
test,0.3942031311487447,0.7843764009981502,57.72727272727273
