,correlation,log10,numMetabolites
train,0.40747557347665947,0.7306068801426823,61.733333333333334
test,0.4281924849062834,0.7281726676221715,61.18181818181818
