,correlation,log10,numMetabolites
train,0.7255109100156285,0.5061876047487395,49.7
test,0.679982325214369,0.5740924255867985,45.36363636363637
