,correlation,log10,numMetabolites
train,0.7198107674861494,0.5256672954795355,30.5
test,0.6375158247712626,0.6244947944208851,31.636363636363637
