,correlation,log10,numMetabolites
train,0.6942248420203913,0.5972882055032311,25.733333333333334
test,0.6591730782455373,0.6204221914674197,25.181818181818183
