,correlation,log10,numMetabolites
train,0.7386889675047151,0.48349741586050465,36.13333333333333
test,0.6810520373161837,0.5333405022272522,35.81818181818182
