,correlation,log10,numMetabolites
train,0.4983880992817509,0.6599330274255202,66.0
test,0.5176177735199844,0.6653954933972598,64.63636363636364
