,correlation,log10,numMetabolites
train,0.6176055351646649,0.7162500096794716,18.666666666666668
test,0.6172656793342388,0.7810494130755296,19.0
