,correlation,log10,numMetabolites
train,0.7412095571634012,0.4899594604733823,37.1
test,0.6874633824225049,0.5864268429013968,36.63636363636363
