,correlation,log10,numMetabolites
train,0.5951881132078387,0.6695232511623795,22.166666666666668
test,0.609720572797739,0.7583134811124896,21.727272727272727
