,correlation,log10,numMetabolites
train,0.43209903284174994,0.716466600140011,66.16666666666667
test,0.4671494772808646,0.7102457590776701,63.36363636363637
