,correlation,log10,numMetabolites
train,0.7125657303259295,0.48818272009176067,41.833333333333336
test,0.6059868358418931,0.6029881116128213,42.45454545454545
