,correlation,log10,numMetabolites
train,0.7195203464970695,0.571556360311406,25.766666666666666
test,0.6786203317616172,0.6378731912019459,24.181818181818183
