,correlation,log10,numMetabolites
train,0.681293426907397,0.5735013056231733,27.366666666666667
test,0.6571154718351496,0.6110344916043996,28.90909090909091
