,correlation,log10,numMetabolites
train,0.6297816103057887,0.6179921197774249,26.766666666666666
test,0.5363226010546107,0.6906758169714305,25.545454545454547
