,correlation,log10,numMetabolites
train,0.48573505744600537,0.6746290618202057,64.33333333333333
test,0.47807277485111405,0.6833305058051331,62.45454545454545
