,correlation,log10,numMetabolites
train,0.7139560755112908,0.5523466830415998,27.733333333333334
test,0.6813710905446743,0.6002703666924435,27.818181818181817
