,correlation,log10,numMetabolites
train,0.7118663801546212,0.5591916233244787,23.766666666666666
test,0.6630506484808675,0.5928756960842324,23.90909090909091
