,correlation,log10,numMetabolites
train,0.7048880653424409,0.5545236493315996,27.1
test,0.7085083729521737,0.5850696699264171,28.0
