,correlation,log10,numMetabolites
train,0.7574236692999309,0.49464961597026424,31.933333333333334
test,0.7110885726114018,0.5504061963455765,31.818181818181817
