,correlation,log10,numMetabolites
train,0.6599280898894785,0.6320265136973452,26.466666666666665
test,0.6445489621091748,0.6696712709182255,27.0
