,correlation,log10,numMetabolites
train,0.6357418166982833,0.5685203130822892,39.06666666666667
test,0.6069190440733054,0.573126653643127,39.63636363636363
