,correlation,log10,numMetabolites
train,0.7123709116892598,0.4862445170930966,38.93333333333333
test,0.6957151543402165,0.5296761236135413,40.09090909090909
