,correlation,log10,numMetabolites
train,0.7191908228983266,0.596762534645028,23.566666666666666
test,0.7182040195109031,0.612789474478197,22.454545454545453
