,correlation,log10,numMetabolites
train,0.6073205305732089,0.7022074932530186,20.733333333333334
test,0.5573573134465092,0.7165359982400451,20.09090909090909
