,correlation,log10,numMetabolites
train,0.5651766053723958,0.605233188702167,66.0
test,0.511130000022265,0.6679561018241283,64.36363636363636
