,correlation,log10,numMetabolites
train,0.6451692004666192,0.7038732967582455,18.3
test,0.6261808407761987,0.6906170326648059,18.272727272727273
