,correlation,log10,numMetabolites
train,0.6390984292830711,0.6401807892989854,22.533333333333335
test,0.7214880693984905,0.6065584183388967,23.636363636363637
