,correlation,log10,numMetabolites
train,0.7598705477075638,0.4933835470868995,33.86666666666667
test,0.6999936620693142,0.5828183683561455,34.54545454545455
