,correlation,log10,numMetabolites
train,0.6978786937429088,0.5112189845587417,36.333333333333336
test,0.663419217625722,0.5811371809533561,37.45454545454545
