,correlation,log10,numMetabolites
train,0.7294798825528788,0.49050560019687856,36.166666666666664
test,0.6879364746250222,0.5657391803342928,33.81818181818182
