,correlation,log10,numMetabolites
train,0.6124964363884886,0.6998543736232842,21.033333333333335
test,0.5622620259184965,0.773207103726781,21.181818181818183
