,correlation,log10,numMetabolites
train,0.6955235676535005,0.4952783670141346,56.1
test,0.6607801961452168,0.5510901861060833,57.09090909090909
