,correlation,log10,numMetabolites
train,0.7451706798035584,0.5281142367969139,28.033333333333335
test,0.7115348287114635,0.5535625413877914,27.90909090909091
