,correlation,log10,numMetabolites
train,0.4901884723510633,0.6579798658273047,65.8
test,0.49246108612500267,0.6779276731299665,63.63636363636363
