,correlation,log10,numMetabolites
train,0.7000612105541123,0.55755902501494,28.9
test,0.6909363172717143,0.617277662379625,28.727272727272727
