,correlation,log10,numMetabolites
train,0.5617946433770341,0.7871307083258915,17.633333333333333
test,0.5763619354388452,0.7470662708197555,16.636363636363637
