,correlation,log10,numMetabolites
train,0.6740666169194037,0.5945873816941023,29.6
test,0.6050676818406024,0.6229864238731145,30.09090909090909
