,correlation,log10,numMetabolites
train,0.44174665815579683,0.6594890820930928,66.43333333333334
test,0.3825707957804914,0.7307696998350178,63.81818181818182
