,correlation,log10,numMetabolites
train,0.694214289263868,0.575020347275541,24.433333333333334
test,0.6369104927263647,0.654268133729894,24.545454545454547
