,correlation,log10,numMetabolites
train,0.7564213610110293,0.4661294557150943,34.3
test,0.6734377894688717,0.580005068563489,32.90909090909091
