,correlation,log10,numMetabolites
train,0.3591895368169516,0.7386939584586035,63.46666666666667
test,0.3707325714125828,0.7452021713361036,60.72727272727273
