,correlation,log10,numMetabolites
train,0.4009519253925851,0.7640806644905934,61.766666666666666
test,0.346128739876214,0.8002945772191151,59.36363636363637
