,correlation,log10,numMetabolites
train,0.6201025023482447,0.746020134039454,18.033333333333335
test,0.6533750525487926,0.7156980226213769,18.09090909090909
