,correlation,log10,numMetabolites
train,0.3951149934914022,0.7164824700750211,65.56666666666666
test,0.4074845867744814,0.7106541481063263,65.9090909090909
