,correlation,log10,numMetabolites
train,0.6545376608326511,0.6499225559857897,24.966666666666665
test,0.6118287299868969,0.7438759058592279,24.09090909090909
