,correlation,log10,numMetabolites
train,0.5941447934948558,0.7123736476126569,19.733333333333334
test,0.6110256472489921,0.7311654643171166,20.545454545454547
