,correlation,log10,numMetabolites
train,0.6245537587505224,0.7194797934206167,19.166666666666668
test,0.630444840848739,0.6973287092992334,19.0
