,correlation,log10,numMetabolites
train,0.3678413625235727,0.721974161049948,66.0
test,0.35842522193922843,0.7360915106443261,61.54545454545455
