,correlation,log10,numMetabolites
train,0.7365368115688816,0.4892418104914807,41.8
test,0.7005302703395819,0.5746435243070939,43.0
