,correlation,log10,numMetabolites
train,0.6038367952067817,0.7229726066180977,19.8
test,0.569387596537027,0.807688766144922,19.818181818181817
