,correlation,log10,numMetabolites
train,0.6683030253799617,0.5530614528658409,37.63333333333333
test,0.6306750122494785,0.5854160302685745,39.45454545454545
