,correlation,log10,numMetabolites
train,0.5641973622339762,0.7749051023134842,18.666666666666668
test,0.5430150017094181,0.8041616442495662,20.0
