,correlation,log10,numMetabolites
train,0.4306965540997792,0.6920589381738812,66.1
test,0.4215023174065939,0.7241145627459616,66.63636363636364
