,correlation,log10,numMetabolites
train,0.3417425661014846,0.7553000424103151,60.8
test,0.32530957487587325,0.7950326718214736,60.09090909090909
