,correlation,log10,numMetabolites
train,0.7153394476097178,0.5335913525386774,33.2
test,0.7335104611413573,0.5390945998648693,35.09090909090909
