,correlation,log10,numMetabolites
train,0.6638572916390906,0.5198471097040563,58.96666666666667
test,0.6637697223631323,0.54306300890264,59.36363636363637
