,correlation,log10,numMetabolites
train,0.6607406320027469,0.5685023726024077,37.36666666666667
test,0.5933203600385336,0.6644681771298292,35.54545454545455
