,correlation,log10,numMetabolites
train,0.3694155681594315,0.7077244120553132,65.03333333333333
test,0.35916590081069305,0.7166021654633155,64.0909090909091
