,correlation,log10,numMetabolites
train,0.6014763588185186,0.6442693788495262,26.0
test,0.601391580106739,0.6868093131266687,25.454545454545453
