,correlation,log10,numMetabolites
train,0.47339141468865203,0.680339633522087,65.46666666666667
test,0.45508060158407254,0.6903224249866785,66.0909090909091
