,correlation,log10,numMetabolites
train,0.3631575623709083,0.7663476223885577,62.86666666666667
test,0.3637038637240744,0.7879869401932527,58.54545454545455
