,correlation,log10,numMetabolites
train,0.7161061918219591,0.5023395742436257,37.03333333333333
test,0.6988068457249517,0.542977563988262,37.0
