,correlation,log10,numMetabolites
train,0.7011130027839337,0.5180624997029064,39.46666666666667
test,0.6509863837860103,0.5727668977869763,41.27272727272727
