,correlation,log10,numMetabolites
train,0.6218974581368976,0.7294062526947661,18.5
test,0.6394294716646288,0.7495865307130561,18.545454545454547
