,correlation,log10,numMetabolites
train,0.6492763790953282,0.6855761176422102,18.7
test,0.6365188962360654,0.7216729154427068,19.636363636363637
