,correlation,log10,numMetabolites
train,0.6521340691452319,0.5908151267949555,36.7
test,0.6425515098550756,0.640831811099254,37.63636363636363
