,correlation,log10,numMetabolites
train,0.6877720429460888,0.5054063491780575,39.833333333333336
test,0.6452178042002484,0.6062434370866876,39.27272727272727
