,correlation,log10,numMetabolites
train,0.3151946140488267,0.7866792518106943,63.333333333333336
test,0.2962597879175006,0.7873365980216889,60.90909090909091
