,correlation,log10,numMetabolites
train,0.6604954122434675,0.581949177431948,32.233333333333334
test,0.6554340103302089,0.6111944783484634,31.818181818181817
