,correlation,log10,numMetabolites
train,0.5549914205571839,0.621333703449292,65.73333333333333
test,0.5356727119521966,0.6155667248141801,65.0909090909091
