,correlation,log10,numMetabolites
train,0.4018580314654438,0.7287803914250647,65.23333333333333
test,0.31581049269038125,0.7685938460764948,66.0
