,correlation,log10,numMetabolites
train,0.6302080759462896,0.6890438736742752,19.933333333333334
test,0.6141410966585936,0.7540993693635223,20.454545454545453
