,correlation,log10,numMetabolites
train,0.6707390427666866,0.493701141582177,58.43333333333333
test,0.5803558675504085,0.5957431503921815,61.27272727272727
