,correlation,log10,numMetabolites
train,0.7052540815229535,0.5451455714522095,33.03333333333333
test,0.6383327537091827,0.5862847813765091,33.18181818181818
