,correlation,log10,numMetabolites
train,0.7490199099277087,0.4821864610811363,34.666666666666664
test,0.6852884252182156,0.5507398436070449,36.72727272727273
