,correlation,log10,numMetabolites
train,0.5554483971407975,0.8425900767601615,17.766666666666666
test,0.6805153462781504,0.8173125412923404,19.09090909090909
