,correlation,log10,numMetabolites
train,0.6813011717998649,0.5700209806493247,31.166666666666668
test,0.6725894753508915,0.6169695034380115,32.36363636363637
