,correlation,log10,numMetabolites
train,0.732014013947219,0.5196956710220313,30.6
test,0.6849284455151985,0.5658988116892449,32.18181818181818
