,correlation,log10,numMetabolites
train,0.6127175115487332,0.6865675097445617,21.366666666666667
test,0.6390742413254406,0.6796048950876845,19.90909090909091
