,correlation,log10,numMetabolites
train,0.7057081897162812,0.5616951024597576,26.966666666666665
test,0.6801725952285037,0.5821027335223516,27.90909090909091
