,correlation,log10,numMetabolites
train,0.7109838652389436,0.5235582176471761,33.36666666666667
test,0.7198854588604914,0.5733363415630399,32.63636363636363
