,correlation,log10,numMetabolites
train,0.6622522513115515,0.5225124162787306,55.9
test,0.5794675935024162,0.5845250564190158,57.45454545454545
