,correlation,log10,numMetabolites
train,0.5460854907717265,0.6146998329611901,65.43333333333334
test,0.5460525484348029,0.6351328549390216,65.0
