,correlation,log10,numMetabolites
train,0.6999242026480194,0.5391807869916166,34.6
test,0.690160148932648,0.5565040482097754,34.36363636363637
