,correlation,log10,numMetabolites
train,0.5602971751488468,0.8549954848865323,18.1
test,0.4626219704405738,0.9581320571647595,18.545454545454547
