,correlation,log10,numMetabolites
train,0.6570320583193409,0.5941008599425487,25.533333333333335
test,0.6517624144864361,0.6183611624609416,26.181818181818183
