,correlation,log10,numMetabolites
train,0.7509424583986077,0.4619278001717395,42.93333333333333
test,0.6916540819315533,0.5428322958894723,42.63636363636363
