,correlation,log10,numMetabolites
train,0.6034348486664676,0.7255234697117029,19.3
test,0.5856054626163039,0.7504440412537486,19.545454545454547
