,correlation,log10,numMetabolites
train,0.6717671649546096,0.5283975356926888,50.1
test,0.6369471609644163,0.5711748232895133,49.09090909090909
