,correlation,log10,numMetabolites
train,0.592710014306522,0.7338996635455718,19.866666666666667
test,0.5961014053896625,0.7442493827845321,20.363636363636363
