,correlation,log10,numMetabolites
train,0.6155597944109974,0.5826938277807802,46.333333333333336
test,0.571222149812706,0.598524093281366,45.54545454545455
