,correlation,log10,numMetabolites
train,0.7272540566649396,0.5904946327923852,21.733333333333334
test,0.7427977580234785,0.5741005514338727,21.636363636363637
