,correlation,log10,numMetabolites
train,0.5817717711753639,0.7588233554922458,18.4
test,0.6406322134331844,0.7353216723785184,18.0
