,correlation,log10,numMetabolites
train,0.6802834419972393,0.5279574622709647,43.5
test,0.6642306752808415,0.5376456918103862,46.18181818181818
