,correlation,log10,numMetabolites
train,0.7745373096019057,0.511824189625351,28.033333333333335
test,0.6268068571111164,0.690930266063367,27.181818181818183
