,correlation,log10,numMetabolites
train,0.7027912607298028,0.6370452324381424,17.5
test,0.6843850861396032,0.6712856820341172,17.90909090909091
