,correlation,log10,numMetabolites
train,0.28526364755219863,0.7956011692445251,59.56666666666667
test,0.3152577310550035,0.7855449108740058,60.36363636363637
