,correlation,log10,numMetabolites
train,0.7318100413644084,0.5299529772651327,26.8
test,0.6691456426321344,0.6023563515893335,28.454545454545453
