,correlation,log10,numMetabolites
train,0.6163639463123508,0.7009639719478642,21.766666666666666
test,0.5214459075869934,0.7609207928319869,22.90909090909091
