,correlation,log10,numMetabolites
train,0.69455227101749,0.5105041232226892,52.7
test,0.7228889202421583,0.5075052968221413,54.72727272727273
