,correlation,log10,numMetabolites
train,0.7161911714476613,0.4822135406939797,57.5
test,0.6453059264407915,0.5618234214881167,57.54545454545455
