,correlation,log10,numMetabolites
train,0.6953506167540291,0.5328062863911771,34.266666666666666
test,0.6768987152257047,0.5263224642470821,33.54545454545455
