,correlation,log10,numMetabolites
train,0.6071054469697668,0.7006003082185902,19.633333333333333
test,0.6287789711926519,0.7216323452327108,20.0
