,correlation,log10,numMetabolites
train,0.5900099830551002,0.8015177341079801,18.933333333333334
test,0.5662591599176713,0.8249031703901969,18.545454545454547
