,correlation,log10,numMetabolites
train,0.3145289839747431,0.7598405666270527,63.8
test,0.33835357244327674,0.7482535369121508,62.36363636363637
