,correlation,log10,numMetabolites
train,0.7409802662809791,0.5269310543395536,29.166666666666668
test,0.6851665226838558,0.5750256457724325,28.90909090909091
