,correlation,log10,numMetabolites
train,0.724826407985591,0.5651320853654963,27.1
test,0.6668841883306053,0.6040776031345525,27.09090909090909
