,correlation,log10,numMetabolites
train,0.5919489737230352,0.72789560984401,19.3
test,0.6084347444087317,0.7417497051606553,19.09090909090909
