,correlation,log10,numMetabolites
train,0.47922986832592673,0.6508236278557759,66.5
test,0.4883233782484327,0.6431513177817686,65.0
