,correlation,log10,numMetabolites
train,0.263872089601659,0.810506995608882,61.63333333333333
test,0.2519877686039353,0.8609102201021647,61.54545454545455
