,correlation,log10,numMetabolites
train,0.7342846858138917,0.5167547227666169,32.6
test,0.7246500870244804,0.5458249671851667,32.18181818181818
