,correlation,log10,numMetabolites
train,0.6083419928656665,0.7376796488076811,18.333333333333332
test,0.5889983953169053,0.7818338672752184,18.363636363636363
