,correlation,log10,numMetabolites
train,0.700055892473303,0.5193724633639916,38.6
test,0.5854324071369027,0.6210784009967377,37.36363636363637
