,correlation,log10,numMetabolites
train,0.665810766415144,0.6246994169682628,22.466666666666665
test,0.6563235156928692,0.6530584124215527,22.727272727272727
