,correlation,log10,numMetabolites
train,0.7044691641486958,0.47211370916275774,46.86666666666667
test,0.6689440679725506,0.5176139121905245,49.90909090909091
