,correlation,log10,numMetabolites
train,0.5427624889885438,0.6312223180995254,64.86666666666666
test,0.5292949392744264,0.664487128218263,61.54545454545455
