,correlation,log10,numMetabolites
train,0.6437130287015889,0.686863621291627,19.4
test,0.6067651531492021,0.7380870437873113,19.09090909090909
