,correlation,log10,numMetabolites
train,0.7127177061392562,0.598660831102514,23.533333333333335
test,0.7445945647427753,0.6356660584338807,24.09090909090909
