,correlation,log10,numMetabolites
train,0.37356032481622886,0.7836062737376085,59.1
test,0.35560042415412735,0.8242619326913702,56.0
