,correlation,log10,numMetabolites
train,0.7316600146130615,0.5037854723347317,28.466666666666665
test,0.7079891957729836,0.5637137888279247,28.09090909090909
