,correlation,log10,numMetabolites
train,0.6129804890698787,0.687666112275826,20.8
test,0.6382381755133569,0.6822886221032324,20.90909090909091
