,correlation,log10,numMetabolites
train,0.6110439880186885,0.7113243699982995,22.0
test,0.5782473128353025,0.7489586924359027,21.454545454545453
