,correlation,log10,numMetabolites
train,0.553685942183004,0.6202381615338177,65.66666666666667
test,0.4595067319033265,0.6782079038873191,65.0
