,correlation,log10,numMetabolites
train,0.753941970069233,0.48186649800512654,30.5
test,0.6915432450922958,0.5450172713836916,30.90909090909091
