,correlation,log10,numMetabolites
train,0.49026913932938876,0.6471937001756374,64.93333333333334
test,0.4370239463627064,0.6957099980805604,65.18181818181819
