,correlation,log10,numMetabolites
train,0.5285560040964143,0.8752612318443993,18.466666666666665
test,0.5751744041420394,0.8866818328364858,17.454545454545453
