,correlation,log10,numMetabolites
train,0.6742101851533687,0.5197433212730329,58.3
test,0.6533954912729137,0.5419649516090558,58.90909090909091
