,correlation,log10,numMetabolites
train,0.7696615817108722,0.5013518909032173,27.933333333333334
test,0.6911687628777445,0.6128468457468377,26.818181818181817
