,correlation,log10,numMetabolites
train,0.739696621787839,0.49324041683846737,37.13333333333333
test,0.6551148005568103,0.5805476846668215,39.0
