,correlation,log10,numMetabolites
train,0.722365059139734,0.49338211327282655,35.733333333333334
test,0.6583913917439055,0.6120821326517739,34.63636363636363
