,correlation,log10,numMetabolites
train,0.512617106143923,0.8767509097784997,18.033333333333335
test,0.5512562278974468,0.9020018078393413,19.09090909090909
