,correlation,log10,numMetabolites
train,0.6689611980610853,0.6123174640428672,23.7
test,0.6663351185359851,0.6477634841197504,23.272727272727273
