,correlation,log10,numMetabolites
train,0.3535824006724749,0.7440082393900127,65.63333333333334
test,0.33605837547820455,0.7524713426266288,64.0
