,correlation,log10,numMetabolites
train,0.656507557616178,0.6982380053849246,18.633333333333333
test,0.6627206211086967,0.6947153661111867,17.09090909090909
