,correlation,log10,numMetabolites
train,0.7216145584681548,0.5397068348240328,31.333333333333332
test,0.6359938795794683,0.6110288512532348,30.636363636363637
