,correlation,log10,numMetabolites
train,0.6100480746348688,0.7418856479561232,19.033333333333335
test,0.6482673193874983,0.7678066913726949,18.90909090909091
