,correlation,log10,numMetabolites
train,0.36990458195558734,0.7348372734209576,58.13333333333333
test,0.43181323420949175,0.7355998841800755,55.09090909090909
