,correlation,log10,numMetabolites
train,0.632046457665053,0.6871680741098682,21.133333333333333
test,0.5853205473518148,0.7371642922032745,22.09090909090909
