,correlation,log10,numMetabolites
train,0.7456114373058151,0.5068373161682691,33.1
test,0.6666257951224535,0.5861302017252702,32.36363636363637
