,correlation,log10,numMetabolites
train,0.652766865342589,0.5971631518278867,26.3
test,0.6085778196937258,0.6521024003821807,25.454545454545453
