,correlation,log10,numMetabolites
train,0.7261066911546129,0.5585272081326892,25.766666666666666
test,0.6597747383009357,0.6220091500814572,26.09090909090909
