,correlation,log10,numMetabolites
train,0.7209958063403067,0.561497828444365,26.366666666666667
test,0.6771111389837494,0.602471838815394,23.90909090909091
