,correlation,log10,numMetabolites
train,0.6252139563029743,0.7317258541795013,17.5
test,0.6114467909964781,0.7488983349530759,17.363636363636363
