,correlation,log10,numMetabolites
train,0.683637433251207,0.5632272564122491,27.9
test,0.6574033834212167,0.5924469197521686,28.636363636363637
