,correlation,log10,numMetabolites
train,0.3369832513739754,0.749580169640902,65.63333333333334
test,0.30366517589688136,0.7469709359053976,64.63636363636364
