,correlation,log10,numMetabolites
train,0.5193420631995199,0.8081391300370169,20.766666666666666
test,0.532702163530369,0.8779499618363098,21.454545454545453
