,correlation,log10,numMetabolites
train,0.7027861261106103,0.46496328189610625,56.56666666666667
test,0.6162753955979382,0.5616342354365277,59.09090909090909
