,correlation,log10,numMetabolites
train,0.7124634120376137,0.49613136809578,45.733333333333334
test,0.6593057444020824,0.5784256507862471,44.90909090909091
