,correlation,log10,numMetabolites
train,0.5111493201719066,0.6681382959690682,64.56666666666666
test,0.4120141175106759,0.7262005333664675,62.90909090909091
