,correlation,log10,numMetabolites
train,0.728292422821218,0.4873223563060703,37.06666666666667
test,0.7173163483180935,0.518568827922057,39.0
