,correlation,log10,numMetabolites
train,0.7370111255357525,0.5367528952393618,26.733333333333334
test,0.6950810244322492,0.6316834881697854,27.818181818181817
