,correlation,log10,numMetabolites
train,0.7190322302868281,0.5328585644458723,30.0
test,0.6401547309612922,0.6552061122420405,28.90909090909091
