,correlation,log10,numMetabolites
train,0.7247376926697296,0.5016327930651026,32.166666666666664
test,0.6293368448557558,0.6138430790664476,32.81818181818182
