,correlation,log10,numMetabolites
train,0.7377987797327062,0.48322981638692153,33.86666666666667
test,0.6841218864968797,0.5461478938847549,33.72727272727273
