,correlation,log10,numMetabolites
train,0.2663948001722123,0.800972876311582,60.8
test,0.20809671816370792,0.876237489422838,54.27272727272727
