,correlation,log10,numMetabolites
train,0.6409085848505879,0.5762651205766662,30.933333333333334
test,0.6264327025148846,0.6097233022630043,29.545454545454547
