,correlation,log10,numMetabolites
train,0.6251052522341126,0.6476738955553383,27.8
test,0.5999480896538829,0.6720225498650539,27.181818181818183
