,correlation,log10,numMetabolites
train,0.4811803989151316,0.6457099441013879,65.56666666666666
test,0.47477983306943317,0.6587338864288228,66.0909090909091
