,correlation,log10,numMetabolites
train,0.7335628256904924,0.5419955915972071,28.4
test,0.6999365988716334,0.607208679212995,26.09090909090909
