,correlation,log10,numMetabolites
train,0.735615766936789,0.5117368187112262,30.3
test,0.7192077203476216,0.5502838185590245,30.181818181818183
