,correlation,log10,numMetabolites
train,0.624231997396811,0.7196308276234096,18.133333333333333
test,0.6330158627917098,0.7854009770854099,19.0
