,correlation,log10,numMetabolites
train,0.7242385441882309,0.5332708741012568,30.133333333333333
test,0.6631666743765509,0.6247948322755634,31.545454545454547
