,correlation,log10,numMetabolites
train,0.44152253191928575,0.7017014163898241,64.83333333333333
test,0.40242479806743875,0.7301532466363387,64.36363636363636
