,correlation,log10,numMetabolites
train,0.6494043670355896,0.5513727553163045,51.63333333333333
test,0.6437267335125508,0.5893602721223424,53.09090909090909
