,correlation,log10,numMetabolites
train,0.43480193737834955,0.662486471985764,65.56666666666666
test,0.38750769381282074,0.702627159148967,67.0
