,correlation,log10,numMetabolites
train,0.7059455713240477,0.6554300409878743,18.633333333333333
test,0.6806142570367633,0.6629116933460831,18.181818181818183
