,correlation,log10,numMetabolites
train,0.5883132547351274,0.7490179819529478,18.8
test,0.5824343912605792,0.8021401665767516,18.0
