,correlation,log10,numMetabolites
train,0.6946821678103567,0.47179053245887553,38.733333333333334
test,0.6409810284140024,0.5798466593847841,37.81818181818182
