,correlation,log10,numMetabolites
train,0.739148120177269,0.46450649324026483,39.233333333333334
test,0.6477832320940928,0.5666617812417075,41.72727272727273
