,correlation,log10,numMetabolites
train,0.6546185233553898,0.645997251659527,24.4
test,0.5819084323138726,0.7019556297045159,24.181818181818183
