,correlation,log10,numMetabolites
train,0.41809288679815754,0.6963879665990691,64.8
test,0.4103207583871209,0.7070203022112639,61.72727272727273
