,correlation,log10,numMetabolites
train,0.7325391978643128,0.5174837415808533,30.9
test,0.6156634616634503,0.628839778016386,32.63636363636363
