,correlation,log10,numMetabolites
train,0.7295421386490711,0.500653335869081,33.3
test,0.7152073836103754,0.5609731095317554,29.545454545454547
