,correlation,log10,numMetabolites
train,0.5088026792369614,0.6441334477404637,65.16666666666667
test,0.5215327132774757,0.6804417055901869,65.54545454545455
