,correlation,log10,numMetabolites
train,0.6654423539798439,0.6066317446946046,23.166666666666668
test,0.5948882740889637,0.7009057051590287,23.727272727272727
