,correlation,log10,numMetabolites
train,0.4240670970376976,0.6809550675949246,66.3
test,0.37770797993156097,0.7416237754450278,65.18181818181819
