,correlation,log10,numMetabolites
train,0.5953021223740492,0.6887748679914876,24.066666666666666
test,0.5736120215073662,0.6749971265054242,25.0
