,correlation,log10,numMetabolites
train,0.6577672938688189,0.6148476568354498,25.5
test,0.6354452427595774,0.6690287289008047,25.272727272727273
