,correlation,log10,numMetabolites
train,0.6457374245622988,0.6476089888571984,23.633333333333333
test,0.6247253787503341,0.6833296003739329,23.818181818181817
