,correlation,log10,numMetabolites
train,0.7423753494687425,0.4789936397229609,39.06666666666667
test,0.6725276931959168,0.5657250371988518,38.45454545454545
