,correlation,log10,numMetabolites
train,0.6436814676468798,0.642023776384466,22.0
test,0.5963619085941975,0.6948245348628261,22.818181818181817
