,correlation,log10,numMetabolites
train,0.7265568811360542,0.4775265710356114,38.63333333333333
test,0.6561470166905582,0.569980445617946,41.0
