,correlation,log10,numMetabolites
train,0.7574301007863173,0.4904653950228835,36.166666666666664
test,0.6809888622092006,0.5898661197413646,35.90909090909091
