,correlation,log10,numMetabolites
train,0.3846712621140914,0.7186486876173358,65.36666666666666
test,0.42265247833358893,0.7098750448900654,65.81818181818181
