,correlation,log10,numMetabolites
train,0.7097798712211326,0.5318171186895861,31.733333333333334
test,0.6645860551237042,0.5993215002423716,32.54545454545455
