,correlation,log10,numMetabolites
train,0.6762497596705026,0.5300299525770126,36.03333333333333
test,0.5878662067419653,0.6222297182236173,33.81818181818182
