,correlation,log10,numMetabolites
train,0.6535422684161128,0.6276237322630264,23.033333333333335
test,0.5526606438055273,0.7447454640614478,23.636363636363637
