,correlation,log10,numMetabolites
train,0.7070447642971449,0.49027873710965475,60.36666666666667
test,0.5957092701494218,0.5887164904432525,60.90909090909091
