,correlation,log10,numMetabolites
train,0.3176163876393863,0.7377900312704303,64.9
test,0.2336742877289298,0.7626813369492712,65.54545454545455
