,correlation,log10,numMetabolites
train,0.637196105303254,0.6995231997567658,19.233333333333334
test,0.4859877201016975,0.8044981616652155,17.90909090909091
