,correlation,log10,numMetabolites
train,0.6571802241231546,0.5344268329079422,54.5
test,0.5953814529243892,0.589860024874492,55.81818181818182
