,correlation,log10,numMetabolites
train,0.5984620028362245,0.6459224885249273,27.666666666666668
test,0.5663941825390771,0.6949504439844575,28.181818181818183
