,correlation,log10,numMetabolites
train,0.6897636808247579,0.6072697821483223,25.633333333333333
test,0.6155870052596281,0.6826995695748637,24.09090909090909
