,correlation,log10,numMetabolites
train,0.4741469466551313,0.6443139607623241,66.66666666666667
test,0.48045649858350425,0.6604106254667105,62.72727272727273
