,correlation,log10,numMetabolites
train,0.7517410247730825,0.5413708012996579,27.5
test,0.6734361795215611,0.633522308932273,24.727272727272727
