,correlation,log10,numMetabolites
train,0.630112733444428,0.6761893240925421,21.966666666666665
test,0.5726614277156848,0.747142372298795,20.181818181818183
