,correlation,log10,numMetabolites
train,0.6497421239261564,0.6284135433873312,26.166666666666668
test,0.6357482778698773,0.650359276971569,26.454545454545453
