,correlation,log10,numMetabolites
train,0.7346348786737802,0.512631211986378,33.0
test,0.683818220673452,0.6013394653112933,34.0
