,correlation,log10,numMetabolites
train,0.556422985447334,0.7611203558049137,20.7
test,0.468333304678217,0.7980049319855325,19.727272727272727
