,correlation,log10,numMetabolites
train,0.4865454218300718,0.6871914712498699,65.7
test,0.44414942435404187,0.670362114934764,63.54545454545455
