,correlation,log10,numMetabolites
train,0.6896675187194535,0.6115929426381462,23.5
test,0.6740346043928507,0.6634459996100216,23.181818181818183
