,correlation,log10,numMetabolites
train,0.601456717506919,0.7435841848896868,19.033333333333335
test,0.5085990465174823,0.8220348202258115,19.545454545454547
