,correlation,log10,numMetabolites
train,0.6846679744065137,0.5640674523022653,31.433333333333334
test,0.5597309721334051,0.7220917226361953,28.636363636363637
