,correlation,log10,numMetabolites
train,0.69160785764203,0.6033401151069595,26.566666666666666
test,0.6218147539038762,0.6781349101648128,25.818181818181817
