,correlation,log10,numMetabolites
train,0.7517968309588496,0.5146212199523912,28.866666666666667
test,0.7169166434248285,0.5622016898789528,30.09090909090909
