,correlation,log10,numMetabolites
train,0.5276639055114245,0.8657181083394723,18.133333333333333
test,0.5297713848425698,0.8778869455045288,18.636363636363637
