,correlation,log10,numMetabolites
train,0.46051058462493416,0.7098651560117578,61.8
test,0.38746923886269563,0.7408682014137896,62.45454545454545
