,correlation,log10,numMetabolites
train,0.702860827776167,0.5241576142663253,40.0
test,0.7000211121793245,0.552457731412225,40.09090909090909
