,correlation,log10,numMetabolites
train,0.480408724852748,0.6714619006370055,66.16666666666667
test,0.5006092058251876,0.6578097555003443,65.18181818181819
