,correlation,log10,numMetabolites
train,0.7143255159113086,0.5561384270317657,23.966666666666665
test,0.6320630245117203,0.661314557597468,24.272727272727273
