,correlation,log10,numMetabolites
train,0.7048635333418802,0.5378554476480208,42.0
test,0.6562035131023441,0.6461315506544201,40.0
