,correlation,log10,numMetabolites
train,0.6249047025046118,0.6312618268164741,34.03333333333333
test,0.616019754761889,0.6546265508383992,34.81818181818182
