,correlation,log10,numMetabolites
train,0.6519508237235085,0.7081529125551644,18.333333333333332
test,0.6610784137079384,0.6986174600480912,17.636363636363637
