,correlation,log10,numMetabolites
train,0.31810789551351915,0.7753596097575032,62.9
test,0.3269592642431854,0.7794252858205816,63.09090909090909
