,correlation,log10,numMetabolites
train,0.6872645264034147,0.6212034386067464,22.333333333333332
test,0.628870621528575,0.6480931542695741,22.636363636363637
