,correlation,log10,numMetabolites
train,0.4466931812582546,0.7052218118246546,65.46666666666667
test,0.39669800098010694,0.7372011469439752,64.45454545454545
