,correlation,log10,numMetabolites
train,0.667409963678745,0.51895026820017,52.1
test,0.6294629403621005,0.6132922838996234,53.72727272727273
