,correlation,log10,numMetabolites
train,0.5587722044620211,0.6166959436078783,65.43333333333334
test,0.4979148167476394,0.6959689048095071,67.36363636363636
