,correlation,log10,numMetabolites
train,0.5602680709197664,0.6830939580613867,23.833333333333332
test,0.5473801208158082,0.6779145310931353,23.454545454545453
