,correlation,log10,numMetabolites
train,0.6399409916651042,0.5605753516309501,55.1
test,0.5890425326724361,0.6028363940693927,52.45454545454545
