,correlation,log10,numMetabolites
train,0.5951603681858756,0.7318802601068414,19.3
test,0.6311731373160011,0.7365397558618473,19.0
