,correlation,log10,numMetabolites
train,0.6110042239430871,0.7441322039991919,18.666666666666668
test,0.5415073838737051,0.8061886714900003,18.181818181818183
