,correlation,log10,numMetabolites
train,0.6554897386543517,0.6556840981733353,20.633333333333333
test,0.6262797999281831,0.7239967976200522,20.454545454545453
