,correlation,log10,numMetabolites
train,0.5978792765754134,0.6871822957557001,25.2
test,0.47724109570396694,0.7992843309179403,23.363636363636363
