,correlation,log10,numMetabolites
train,0.6693699454980548,0.6085077416230469,25.533333333333335
test,0.6339483158530744,0.6406054239136769,25.0
