,correlation,log10,numMetabolites
train,0.552912093691495,0.7092122813145225,23.533333333333335
test,0.5139561239615097,0.7214037615517442,22.545454545454547
