,correlation,log10,numMetabolites
train,0.7240745994096935,0.5284015704147536,31.3
test,0.6526159434947942,0.5871442796721836,30.90909090909091
