,correlation,log10,numMetabolites
train,0.7114746421071512,0.5123583115248481,35.13333333333333
test,0.6432844136888861,0.594991881434059,33.81818181818182
