,correlation,log10,numMetabolites
train,0.7155296236141708,0.5060587866355328,34.3
test,0.696573617131341,0.5378537554875359,35.27272727272727
