,correlation,log10,numMetabolites
train,0.4812720364282638,0.6679912045143551,66.56666666666666
test,0.45680009181954107,0.6642805354885775,63.90909090909091
