,correlation,log10,numMetabolites
train,0.5366501904276425,0.8902044386187893,18.1
test,0.5079275240285406,0.857667073705887,18.363636363636363
