,correlation,log10,numMetabolites
train,0.6878624574071297,0.6176673457967593,23.1
test,0.6798031892323496,0.6370834161910821,21.363636363636363
