,correlation,log10,numMetabolites
train,0.70801913043753,0.5085615861507119,38.266666666666666
test,0.6382657315415226,0.5788272160257371,38.18181818181818
