,correlation,log10,numMetabolites
train,0.43904101374973264,0.6757400951133129,66.1
test,0.41827320479729724,0.6887428205249267,63.81818181818182
