,correlation,log10,numMetabolites
train,0.7304946470158662,0.5399472503372115,27.766666666666666
test,0.6761774608204209,0.6137536913676346,26.818181818181817
