,correlation,log10,numMetabolites
train,0.6259082748483025,0.589112106974478,28.9
test,0.6227792929854215,0.6158092649813468,30.727272727272727
