,correlation,log10,numMetabolites
train,0.6286434678826828,0.7099258712846624,19.933333333333334
test,0.5749371095402936,0.7405014319319411,19.636363636363637
