,correlation,log10,numMetabolites
train,0.5716901674523289,0.6128004277417102,65.0
test,0.5293636246768314,0.6594028642183183,65.18181818181819
