,correlation,log10,numMetabolites
train,0.5252954583858949,0.9035687929366373,18.4
test,0.46235203810073605,0.8917206381203193,18.181818181818183
