,correlation,log10,numMetabolites
train,0.640124614512947,0.5416159689013044,52.766666666666666
test,0.6324476182959148,0.5634689749929545,51.63636363636363
