,correlation,log10,numMetabolites
train,0.6481130720350775,0.62618470245604,22.8
test,0.6290059266434809,0.6736054865928549,22.636363636363637
