,correlation,log10,numMetabolites
train,0.3675573716239387,0.7647722346032,62.86666666666667
test,0.3763482097463165,0.7617793207434133,62.72727272727273
