,correlation,log10,numMetabolites
train,0.5406009071152933,0.8931628384846647,18.066666666666666
test,0.5044184803334848,0.8715592863212421,18.636363636363637
