,correlation,log10,numMetabolites
train,0.4244867507015448,0.7066360531519208,64.43333333333334
test,0.40709246530589593,0.7479646248502146,62.81818181818182
