,correlation,log10,numMetabolites
train,0.5028608963590161,0.8478339083351808,18.2
test,0.56673694748218,0.8598178240673033,18.636363636363637
