,correlation,log10,numMetabolites
train,0.585071488818601,0.7507910832217483,19.133333333333333
test,0.4881721706479441,0.8173907589594037,19.272727272727273
