,correlation,log10,numMetabolites
train,0.7147837683295576,0.4969373427345462,58.63333333333333
test,0.6508347467641328,0.5669375777000948,58.45454545454545
