,correlation,log10,numMetabolites
train,0.6445780726588272,0.5595992508488918,30.466666666666665
test,0.6891443466655836,0.6148532726542478,28.0
