,correlation,log10,numMetabolites
train,0.6352028698209758,0.6661766790425666,21.466666666666665
test,0.6501429137868158,0.6529278396398877,20.272727272727273
