,correlation,log10,numMetabolites
train,0.540682847225671,0.798790245344963,19.5
test,0.4406001261621759,0.9118931919817388,18.818181818181817
