,correlation,log10,numMetabolites
train,0.7064041889631795,0.4745752018854228,43.3
test,0.631087321635259,0.5710499876718279,44.45454545454545
