,correlation,log10,numMetabolites
train,0.6872200783492205,0.552011527174171,30.033333333333335
test,0.668757277561672,0.5832881363984755,31.272727272727273
