,correlation,log10,numMetabolites
train,0.34319099568557887,0.7958296942494287,59.666666666666664
test,0.28106810505070484,0.8188630590309061,59.63636363636363
