,correlation,log10,numMetabolites
train,0.7299318530812147,0.49759131832579123,38.233333333333334
test,0.6500852780580774,0.5788002689305889,38.0
