,correlation,log10,numMetabolites
train,0.4087879937621524,0.7023770629988537,65.03333333333333
test,0.374213204778221,0.6980212928315738,62.54545454545455
