,correlation,log10,numMetabolites
train,0.671742489911476,0.5438463502287995,51.0
test,0.5375073505035014,0.67617977061507,47.45454545454545
