,correlation,log10,numMetabolites
train,0.6700772513301257,0.5141645848320487,41.56666666666667
test,0.637403296191875,0.5497807275868934,42.27272727272727
