,correlation,log10,numMetabolites
train,0.49894695819873053,0.652189521165712,64.6
test,0.49365525657646503,0.6734984560866935,62.45454545454545
