,correlation,log10,numMetabolites
train,0.5195239256667392,0.8154369075666368,21.166666666666668
test,0.5286617740779307,0.8074576707160851,20.181818181818183
