,correlation,log10,numMetabolites
train,0.7637977345250673,0.49022421344776024,30.133333333333333
test,0.7020051467282669,0.5699906535752537,32.54545454545455
