,correlation,log10,numMetabolites
train,0.645443962636614,0.5590113341370088,52.53333333333333
test,0.6726275682800282,0.5568867098459733,53.45454545454545
