,correlation,log10,numMetabolites
train,0.7238522647959449,0.49164933981920783,33.4
test,0.6980442916813309,0.5589165725865022,32.36363636363637
