,correlation,log10,numMetabolites
train,0.6077006771218162,0.7232700700061925,18.233333333333334
test,0.5875291844175549,0.7400302147255715,17.90909090909091
