,correlation,log10,numMetabolites
train,0.7002996167412529,0.5135394978987055,34.03333333333333
test,0.6844412139492815,0.5728615511963837,35.81818181818182
