,correlation,log10,numMetabolites
train,0.717525981133398,0.532171394039936,27.366666666666667
test,0.7163033361047364,0.5571932645031996,27.636363636363637
