,correlation,log10,numMetabolites
train,0.7034670679933466,0.48847350816798746,56.333333333333336
test,0.6642031861732968,0.5359657924889637,57.45454545454545
