,correlation,log10,numMetabolites
train,0.5803071829029726,0.7412357205345409,18.7
test,0.517329368883749,0.7906344694583439,17.636363636363637
