,correlation,log10,numMetabolites
train,0.5910540978538485,0.6237458102939487,29.233333333333334
test,0.6317143223012953,0.5944084991458476,30.363636363636363
