,correlation,log10,numMetabolites
train,0.6920946364534949,0.533359217549188,40.36666666666667
test,0.6638676139988782,0.5849585300976705,40.18181818181818
