,correlation,log10,numMetabolites
train,0.6842054751611178,0.5415629186043692,36.7
test,0.6917572476774427,0.5763745258720686,37.18181818181818
