,correlation,log10,numMetabolites
train,0.6257252045527776,0.5905121752050368,26.366666666666667
test,0.6298538239944974,0.6019621589971192,28.363636363636363
