,correlation,log10,numMetabolites
train,0.5952194697070321,0.6824297430627351,23.3
test,0.5848449699951703,0.7184736549324222,21.90909090909091
