,correlation,log10,numMetabolites
train,0.7124038663351311,0.5236555100585465,30.533333333333335
test,0.6880211313323359,0.5882396142111816,30.09090909090909
