,correlation,log10,numMetabolites
train,0.6665423290495816,0.5199236437534497,52.36666666666667
test,0.5360753277664846,0.6263698634607876,52.63636363636363
