,correlation,log10,numMetabolites
train,0.6730313490778478,0.5598783007558784,34.0
test,0.657458325331283,0.5847468225589977,34.0
