,correlation,log10,numMetabolites
train,0.7016993325210259,0.5716463115045584,27.233333333333334
test,0.6311443593921637,0.647386817887928,27.727272727272727
