,correlation,log10,numMetabolites
train,0.6584934721432467,0.5338660729526798,52.36666666666667
test,0.5702144931371396,0.632835029023643,49.18181818181818
