,correlation,log10,numMetabolites
train,0.6601741732925958,0.557893525898136,47.2
test,0.6291347701225426,0.5966776548071903,49.18181818181818
