,correlation,log10,numMetabolites
train,0.6987229692204097,0.5667826247220613,25.766666666666666
test,0.6438077916367756,0.6348806530550432,28.0
