,correlation,log10,numMetabolites
train,0.6685708386841535,0.5320081059638622,50.8
test,0.5860639967788607,0.6226283081088283,51.09090909090909
