,correlation,log10,numMetabolites
train,0.6955469521154953,0.5553829224378657,32.46666666666667
test,0.645740693045825,0.6027386048951833,33.63636363636363
