,correlation,log10,numMetabolites
train,0.7002220391476779,0.5679105560604268,29.0
test,0.6917228240669065,0.6198331977494328,28.90909090909091
