,correlation,log10,numMetabolites
train,0.38875843476335736,0.7129503188689751,64.83333333333333
test,0.37356327999366745,0.7307750783160767,61.90909090909091
