,correlation,log10,numMetabolites
train,0.6262064262158358,0.6684977207184885,22.066666666666666
test,0.5989505440000881,0.6848110031620496,21.636363636363637
