,correlation,log10,numMetabolites
train,0.6663478803977785,0.6114751871266191,24.033333333333335
test,0.6495983480602566,0.673938081420673,23.636363636363637
