,correlation,log10,numMetabolites
train,0.715585683414148,0.495536903433728,34.8
test,0.6720301772321169,0.5570540070945953,37.36363636363637
