,correlation,log10,numMetabolites
train,0.6868688542959078,0.5751102869689715,26.966666666666665
test,0.6629485070408067,0.6595143391552244,25.818181818181817
