,correlation,log10,numMetabolites
train,0.35890544405594,0.7657464563436833,61.3
test,0.3599498259886613,0.766273649316428,58.72727272727273
