,correlation,log10,numMetabolites
train,0.421254660152012,0.7001059725877259,64.7
test,0.41399169087921023,0.7326267529306727,65.9090909090909
