,correlation,log10,numMetabolites
train,0.29020201798596457,0.771527604594316,63.06666666666667
test,0.2761106647704659,0.768461695105653,63.72727272727273
