,correlation,log10,numMetabolites
train,0.7353401137960233,0.5892551696320425,21.733333333333334
test,0.6349692670624534,0.6810827723058777,21.0
