,correlation,log10,numMetabolites
train,0.6266884625453883,0.7329314952431443,19.8
test,0.5989159615602323,0.7834967972002354,19.181818181818183
