,correlation,log10,numMetabolites
train,0.6312548199089644,0.7117627022701254,20.266666666666666
test,0.6222106045113376,0.7138992725036611,19.0
