,correlation,log10,numMetabolites
train,0.6594946104628848,0.593162392799642,29.5
test,0.6170362573533683,0.6617484843120496,29.545454545454547
