,correlation,log10,numMetabolites
train,0.611427467409334,0.7457421537296128,18.433333333333334
test,0.6767805312922797,0.72305324488886,18.90909090909091
