,correlation,log10,numMetabolites
train,0.5088854358569546,0.8733852385168162,20.466666666666665
test,0.4818212197539062,0.8732014538593831,19.272727272727273
