,correlation,log10,numMetabolites
train,0.47136066348922273,0.6473707251214335,66.23333333333333
test,0.48124853476689416,0.6799233858464305,65.27272727272727
