,correlation,log10,numMetabolites
train,0.5839020162636098,0.6206666560755967,65.83333333333333
test,0.5338813490913139,0.6749801751813517,64.36363636363636
