,correlation,log10,numMetabolites
train,0.7356464288242293,0.4986631839759554,33.56666666666667
test,0.6925406135067363,0.5443016232101552,32.81818181818182
