,correlation,log10,numMetabolites
train,0.4170815770036149,0.7030860689712277,65.53333333333333
test,0.36842225947630164,0.7675123227952402,63.54545454545455
