,correlation,log10,numMetabolites
train,0.6942037163569114,0.5967210442436718,26.9
test,0.686867870582985,0.5938342246711501,27.272727272727273
