,correlation,log10,numMetabolites
train,0.6672431270895753,0.5227434916508179,57.4
test,0.6303035708168431,0.5659455152995456,56.72727272727273
