,correlation,log10,numMetabolites
train,0.7265855549637152,0.4921433723303421,35.36666666666667
test,0.6200677859546029,0.6017588033382268,34.45454545454545
