,correlation,log10,numMetabolites
train,0.708331794494016,0.5354839319797804,29.633333333333333
test,0.6655586540440622,0.5755460303339697,30.09090909090909
