,correlation,log10,numMetabolites
train,0.7420262584200137,0.4836604947446648,47.0
test,0.7087463563314795,0.537869648878692,49.36363636363637
