,correlation,log10,numMetabolites
train,0.7269433573621257,0.516151278127493,32.63333333333333
test,0.5947313099899865,0.6421590042333656,34.27272727272727
