,correlation,log10,numMetabolites
train,0.63711374828539,0.6733188244535585,21.966666666666665
test,0.6476930795903835,0.6978621764623433,22.727272727272727
