,correlation,log10,numMetabolites
train,0.6337324889231725,0.6396289240112168,27.066666666666666
test,0.5786142251413305,0.6892446154439242,27.545454545454547
