,correlation,log10,numMetabolites
train,0.706799384264773,0.5007685153266936,58.46666666666667
test,0.6689895453852387,0.5394057703103926,58.09090909090909
