,correlation,log10,numMetabolites
train,0.6812528188073255,0.5513138040768845,27.633333333333333
test,0.6945463109111721,0.5907113605344313,29.454545454545453
