,correlation,log10,numMetabolites
train,0.683038962551539,0.4989690094474039,57.666666666666664
test,0.5794006790511796,0.6243650805316937,57.36363636363637
