,correlation,log10,numMetabolites
train,0.5470758530533968,0.8840214346548844,18.566666666666666
test,0.49831906010427285,0.8806391490272361,17.272727272727273
