,correlation,log10,numMetabolites
train,0.7611558343416329,0.4933129749796874,31.566666666666666
test,0.7207427994307618,0.5573292861159799,30.90909090909091
