,correlation,log10,numMetabolites
train,0.6824051149843442,0.5747817083567129,38.53333333333333
test,0.6292717286446672,0.6126773032928735,37.45454545454545
