,correlation,log10,numMetabolites
train,0.6814379457710575,0.5876338066932355,29.966666666666665
test,0.5365305201595277,0.7080575326649159,29.363636363636363
