,correlation,log10,numMetabolites
train,0.649149300374571,0.5701515136538369,47.1
test,0.5877412749893519,0.604570496688542,44.81818181818182
