,correlation,log10,numMetabolites
train,0.6389910853456215,0.6169312105737739,26.4
test,0.5398887612626314,0.7137240473217672,24.818181818181817
