,correlation,log10,numMetabolites
train,0.487965896309958,0.656836715086002,65.3
test,0.46356150831579584,0.6616970274223587,65.0909090909091
