,correlation,log10,numMetabolites
train,0.7202183215609712,0.5025456196748096,32.96666666666667
test,0.6460203154234786,0.612776636321813,32.81818181818182
