,correlation,log10,numMetabolites
train,0.7059805233696616,0.48904328372473277,60.43333333333333
test,0.6609784329791885,0.5398882348395132,60.27272727272727
