,correlation,log10,numMetabolites
train,0.6419791892572794,0.5693042975722944,35.53333333333333
test,0.5979672314653646,0.6057894112123706,34.18181818181818
