,correlation,log10,numMetabolites
train,0.6992440129262184,0.5295329050073804,33.6
test,0.65131903503812,0.6070887591878265,33.36363636363637
