,correlation,log10,numMetabolites
train,0.6208565110120907,0.614067014534567,35.1
test,0.5361100468182326,0.7150414316214722,33.45454545454545
