,correlation,log10,numMetabolites
train,0.6569624328080003,0.6993130888155006,17.766666666666666
test,0.6188156585728286,0.7472175213033804,18.272727272727273
