,correlation,log10,numMetabolites
train,0.7272741353128661,0.5108499853614924,31.9
test,0.6851108434703388,0.5518308935391562,30.727272727272727
