,correlation,log10,numMetabolites
train,0.6733322975930417,0.5706659539696909,31.866666666666667
test,0.619915752799673,0.6747626303249823,30.545454545454547
