,correlation,log10,numMetabolites
train,0.7194714483125846,0.4842730707239538,39.9
test,0.6346355189707412,0.6315564235346609,38.90909090909091
