,correlation,log10,numMetabolites
train,0.37483077857615515,0.7335983264284411,65.46666666666667
test,0.3604592586630957,0.7647726348999702,64.81818181818181
