,correlation,log10,numMetabolites
train,0.7368503113236632,0.5270857154313808,30.466666666666665
test,0.6571364758751347,0.6550038756939578,29.818181818181817
