,correlation,log10,numMetabolites
train,0.6801747755678741,0.653556425475988,18.4
test,0.6145802333191139,0.7392815698584553,17.636363636363637
