,correlation,log10,numMetabolites
train,0.6978508853010083,0.5134509421274067,31.366666666666667
test,0.6634631890560321,0.5857847143640007,31.818181818181817
