,correlation,log10,numMetabolites
train,0.6366511630454431,0.6167525581574265,24.1
test,0.6420727625818823,0.6424904997531196,25.363636363636363
