,correlation,log10,numMetabolites
train,0.7346373607923986,0.5231345075169761,33.233333333333334
test,0.6387252150592634,0.6423820163857754,33.72727272727273
