,correlation,log10,numMetabolites
train,0.3879381322080603,0.7051920760856478,64.26666666666667
test,0.37489633952642304,0.761364806958369,63.36363636363637
