,correlation,log10,numMetabolites
train,0.56399811519818,0.7021145392819309,24.3
test,0.5767107176846844,0.7074714922295038,22.818181818181817
