,correlation,log10,numMetabolites
train,0.7005938793755235,0.541995645825416,26.9
test,0.628031007790561,0.5929870259923643,28.272727272727273
