,correlation,log10,numMetabolites
train,0.3202084978110465,0.7830625638327823,62.733333333333334
test,0.40999122621841305,0.7532832074757855,62.09090909090909
