,correlation,log10,numMetabolites
train,0.6239116925825938,0.6499680219091186,25.133333333333333
test,0.702182434364546,0.6030651004707287,25.363636363636363
