,correlation,log10,numMetabolites
train,0.6843384687889691,0.5417648397895969,33.233333333333334
test,0.6856083725240231,0.5829155375430891,34.63636363636363
