,correlation,log10,numMetabolites
train,0.24007085586945648,0.7868940434506799,62.86666666666667
test,0.24651047510796878,0.8125130544243325,60.0
