,correlation,log10,numMetabolites
train,0.5346577155939034,0.642185473754259,64.23333333333333
test,0.46653674159570424,0.6808497816272783,63.81818181818182
