,correlation,log10,numMetabolites
train,0.7431984130236283,0.5650098851026204,25.566666666666666
test,0.7018228276117612,0.5819553027727017,25.636363636363637
