,correlation,log10,numMetabolites
train,0.6780341071287886,0.5480881065689114,38.1
test,0.6180536498164979,0.6333209866015026,37.54545454545455
