,correlation,log10,numMetabolites
train,0.6907926366293697,0.5001103435206742,58.3
test,0.6138535738609291,0.5492296547121395,58.36363636363637
