,correlation,log10,numMetabolites
train,0.6697249943468914,0.5235345969634593,50.43333333333333
test,0.6088422718214866,0.6179317830795612,49.45454545454545
