,correlation,log10,numMetabolites
train,0.7168465762569397,0.518200163381757,32.833333333333336
test,0.6317669380184815,0.6145487788502743,32.81818181818182
