,correlation,log10,numMetabolites
train,0.3487492070441384,0.7841585868592803,58.7
test,0.3765420344971036,0.7859847595436341,57.45454545454545
