,correlation,log10,numMetabolites
train,0.6750483121539815,0.5975051238554417,26.3
test,0.6378940294426629,0.6572363566979461,26.818181818181817
