,correlation,log10,numMetabolites
train,0.668384559172282,0.5035242110533609,42.333333333333336
test,0.6466404505915978,0.558405860741483,40.18181818181818
