,correlation,log10,numMetabolites
train,0.7020274385920666,0.5717054840060456,25.7
test,0.6649710879592633,0.6631476598990038,25.09090909090909
