,correlation,log10,numMetabolites
train,0.730843470194488,0.5357852754695379,34.06666666666667
test,0.63985731695725,0.6124739493488014,32.45454545454545
