,correlation,log10,numMetabolites
train,0.732467732894638,0.5098638171381472,32.833333333333336
test,0.6786017531885606,0.5684467813197323,35.27272727272727
