,correlation,log10,numMetabolites
train,0.6865805153459744,0.5502335888534416,28.966666666666665
test,0.6758856819939792,0.5898342321680421,28.545454545454547
