,correlation,log10,numMetabolites
train,0.742277473760728,0.5732585918820442,24.0
test,0.7401152939067077,0.6493217160426333,24.181818181818183
