,correlation,log10,numMetabolites
train,0.5425735610815638,0.8053711899287841,19.933333333333334
test,0.6236891534477155,0.7460890154167857,21.09090909090909
