,correlation,log10,numMetabolites
train,0.684334722124111,0.5380504869872836,45.13333333333333
test,0.628281452188819,0.5810420183775485,43.27272727272727
