,correlation,log10,numMetabolites
train,0.7212982178490748,0.6154579684898734,21.566666666666666
test,0.6706138825118552,0.7297590140996355,22.454545454545453
