,correlation,log10,numMetabolites
train,0.6934097151305478,0.5145398191025243,57.63333333333333
test,0.6473498766836485,0.56479384891992,57.27272727272727
