,correlation,log10,numMetabolites
train,0.6072662760481866,0.6781331648852719,24.233333333333334
test,0.5221507583378913,0.7859534397995975,23.363636363636363
