,correlation,log10,numMetabolites
train,0.7010001779424939,0.5671279293997017,24.833333333333332
test,0.6488993341762419,0.6386245995943898,26.272727272727273
