,correlation,log10,numMetabolites
train,0.3456704843115161,0.7566607539753993,62.733333333333334
test,0.35655287853674,0.7490401903177006,61.36363636363637
