,correlation,log10,numMetabolites
train,0.4126606863032746,0.7202579474885381,65.26666666666667
test,0.4249433489018189,0.6919044480539137,63.63636363636363
