,correlation,log10,numMetabolites
train,0.4035391283924483,0.7322896962341439,64.7
test,0.41033912832929986,0.7205031597427337,62.81818181818182
