,correlation,log10,numMetabolites
train,0.5547780712778747,0.6108094309462234,65.96666666666667
test,0.5092535127404058,0.6518170289127491,65.36363636363636
