,correlation,log10,numMetabolites
train,0.6026118829414006,0.7088810318974664,23.033333333333335
test,0.6447861600128472,0.7277390070294273,21.545454545454547
