,correlation,log10,numMetabolites
train,0.6201548402379354,0.6831685859211326,20.633333333333333
test,0.5943086889768883,0.7122378245399916,21.272727272727273
