,correlation,log10,numMetabolites
train,0.525194502144753,0.8283288829112863,20.833333333333332
test,0.5640199165898114,0.8332222637979778,20.363636363636363
