,correlation,log10,numMetabolites
train,0.4545816217687141,0.6815520456284223,66.03333333333333
test,0.40910981539582425,0.7219673656394994,66.54545454545455
