,correlation,log10,numMetabolites
train,0.5508944364948148,0.6098540462098208,65.53333333333333
test,0.5229241601380704,0.6535037167697091,64.45454545454545
