,correlation,log10,numMetabolites
train,0.6861659423937164,0.6002475376578561,24.833333333333332
test,0.6653953724858844,0.6139751258606161,25.181818181818183
