,correlation,log10,numMetabolites
train,0.5868845417025851,0.6127661802539888,30.533333333333335
test,0.6116133553770936,0.6224088790152041,31.181818181818183
