,correlation,log10,numMetabolites
train,0.6505107950980114,0.6622520275110312,22.533333333333335
test,0.6165494906267219,0.6940090176473108,21.90909090909091
