,correlation,log10,numMetabolites
train,0.7196486988288805,0.5098267312210641,34.666666666666664
test,0.6702582402973982,0.5854874165808591,35.09090909090909
