,correlation,log10,numMetabolites
train,0.6841573961741454,0.5723550196224718,26.633333333333333
test,0.6306161735790454,0.629039721447988,26.818181818181817
