,correlation,log10,numMetabolites
train,0.515986784115168,0.8525531603609602,19.766666666666666
test,0.6017716074752051,0.813729472045043,20.09090909090909
