,correlation,log10,numMetabolites
train,0.5402633387546877,0.7543603247390818,20.733333333333334
test,0.5129875473967229,0.7742106638834879,21.0
