,correlation,log10,numMetabolites
train,0.7041856776444759,0.5586169463806798,28.566666666666666
test,0.7294796745828965,0.5778381685520922,27.90909090909091
