,correlation,log10,numMetabolites
train,0.6671560740740576,0.5478240056701792,32.166666666666664
test,0.6942920489862523,0.5525633316638615,33.45454545454545
