,correlation,log10,numMetabolites
train,0.3662275195668443,0.7294029951659606,64.86666666666666
test,0.3394227870733636,0.7508468687374655,63.09090909090909
