,correlation,log10,numMetabolites
train,0.7586164141858356,0.4787050792666896,38.4
test,0.6887244919544274,0.5437999303893967,36.90909090909091
