,correlation,log10,numMetabolites
train,0.7072739305970187,0.48814068195839366,42.7
test,0.6331542868690966,0.5768895240495553,45.0
