,correlation,log10,numMetabolites
train,0.6902202166628053,0.48006691859972267,56.666666666666664
test,0.6307460683031455,0.5533960291161727,56.0
