,correlation,log10,numMetabolites
train,0.7051092949270639,0.48746699573991376,35.93333333333333
test,0.6729118383995935,0.5412005584597295,35.90909090909091
