,correlation,log10,numMetabolites
train,0.6529635026466497,0.5299771242772017,50.0
test,0.5877367775963512,0.600263782660056,47.63636363636363
