,correlation,log10,numMetabolites
train,0.4410251025807865,0.6906168893336804,66.0
test,0.49498468989801697,0.7152788833554428,65.36363636363636
