,correlation,log10,numMetabolites
train,0.4790587716218499,0.6823663476108828,64.33333333333333
test,0.4828943431060655,0.6861442099152639,62.54545454545455
