,correlation,log10,numMetabolites
train,0.6698637708935595,0.6107408186870269,26.6
test,0.6532979207801008,0.6553485074478974,24.818181818181817
