,correlation,log10,numMetabolites
train,0.5637821428456342,0.7258810145897111,22.066666666666666
test,0.5569127769116734,0.753683269605062,21.90909090909091
