,correlation,log10,numMetabolites
train,0.5850100607126628,0.6145069244306575,66.36666666666666
test,0.5406603822252716,0.650680450476445,64.45454545454545
