,correlation,log10,numMetabolites
train,0.5994211828449907,0.699069149009493,20.766666666666666
test,0.5918489212919857,0.7234627634467886,20.545454545454547
