,correlation,log10,numMetabolites
train,0.6535728132269999,0.5966417625313151,30.1
test,0.5670689481041555,0.6878293743201735,27.181818181818183
