,correlation,log10,numMetabolites
train,0.29601512067540453,0.7802834641220808,62.5
test,0.33385097395468927,0.7721931436164303,58.18181818181818
