,correlation,log10,numMetabolites
train,0.6620367586438936,0.5256826721298192,50.96666666666667
test,0.5886645389719493,0.6037213922469303,50.0
