,correlation,log10,numMetabolites
train,0.5760880470481556,0.7757285190613618,19.833333333333332
test,0.5892923869407032,0.7952094886865843,20.09090909090909
