,correlation,log10,numMetabolites
train,0.6445467912863005,0.5923654705991951,28.233333333333334
test,0.6467206212333877,0.6031933520141031,28.818181818181817
