,correlation,log10,numMetabolites
train,0.6002249536531594,0.7194001178451289,18.266666666666666
test,0.6600002772011839,0.7538462387207663,18.0
