,correlation,log10,numMetabolites
train,0.47943437129167077,0.6760580861039394,66.0
test,0.5000982570685157,0.6851999835463635,65.0
