,correlation,log10,numMetabolites
train,0.42238489564857146,0.713123458376181,66.23333333333333
test,0.34320680305000917,0.7382968109395406,63.72727272727273
