,correlation,log10,numMetabolites
train,0.5060028910338733,0.6782135756973801,65.43333333333334
test,0.4692216479586366,0.6803952520392554,63.63636363636363
