,correlation,log10,numMetabolites
train,0.703208642714809,0.5735085608888217,23.3
test,0.615385765042994,0.6987444594618727,22.727272727272727
