,correlation,log10,numMetabolites
train,0.6658951257334986,0.6554941092726485,23.8
test,0.6130161230849926,0.6861264010728673,24.454545454545453
