,correlation,log10,numMetabolites
train,0.6239002186349392,0.7066124300802376,20.033333333333335
test,0.5997368346073304,0.7168839118056405,19.90909090909091
