,correlation,log10,numMetabolites
train,0.6580441156122648,0.5498720175006208,49.43333333333333
test,0.6144941238533199,0.6297307980774541,48.72727272727273
