,correlation,log10,numMetabolites
train,0.6868122980584492,0.563553828618711,26.033333333333335
test,0.6322004708016161,0.6344423705700893,27.727272727272727
