,correlation,log10,numMetabolites
train,0.4357504054833232,0.6849749073480418,65.43333333333334
test,0.40376243700611325,0.741779542009855,64.9090909090909
