,correlation,log10,numMetabolites
train,0.7286351478683315,0.5077467603537568,30.666666666666668
test,0.6848487733978256,0.5671907608226657,30.727272727272727
