,correlation,log10,numMetabolites
train,0.6789657877545056,0.4983651495690935,52.8
test,0.579491351217097,0.5891898780708942,52.0
