,correlation,log10,numMetabolites
train,0.6223385614265128,0.721068232702606,18.666666666666668
test,0.6227058667694766,0.7342580123572003,19.181818181818183
