,correlation,log10,numMetabolites
train,0.6809182247810471,0.5407740950874363,31.033333333333335
test,0.6403504519282509,0.6062662775980286,31.363636363636363
