,correlation,log10,numMetabolites
train,0.40651792660405356,0.7256786468177022,64.93333333333334
test,0.36957641787646034,0.7472376630944488,61.18181818181818
