,correlation,log10,numMetabolites
train,0.7356328579943069,0.5321865590206909,27.666666666666668
test,0.6585861502921228,0.6259355251478942,26.181818181818183
