,correlation,log10,numMetabolites
train,0.7255239907595334,0.46448130347233535,45.266666666666666
test,0.643955336153355,0.5773899317009706,41.81818181818182
