,correlation,log10,numMetabolites
train,0.6981872915048304,0.5989990026866802,24.266666666666666
test,0.6732509766739079,0.6647649242819189,23.90909090909091
