,correlation,log10,numMetabolites
train,0.6692236782005204,0.5536024316006524,58.56666666666667
test,0.6542883934156246,0.5672598602716321,58.54545454545455
