,correlation,log10,numMetabolites
train,0.665046514923149,0.6003773813212706,26.8
test,0.5803742418913695,0.6620120087947741,26.545454545454547
