,correlation,log10,numMetabolites
train,0.334915897869463,0.807733033910705,58.46666666666667
test,0.32409830313481863,0.8203165791794486,55.81818181818182
