,correlation,log10,numMetabolites
train,0.5200042143408098,0.6370837579346431,66.03333333333333
test,0.5010555024457135,0.6468538333854321,64.54545454545455
