,correlation,log10,numMetabolites
train,0.603864108110547,0.7352798808079485,20.733333333333334
test,0.6055240835198372,0.7011352065890887,20.636363636363637
