,correlation,log10,numMetabolites
train,0.7270540709312745,0.49523978838158206,41.5
test,0.653408113033985,0.6326312643858483,40.27272727272727
