,correlation,log10,numMetabolites
train,0.6977128905068497,0.49737804606741876,53.6
test,0.6440344949494521,0.5734529218456423,53.63636363636363
