,correlation,log10,numMetabolites
train,0.3123312574565031,0.784563120832982,63.266666666666666
test,0.33065919134418836,0.7865931930945833,59.81818181818182
