,correlation,log10,numMetabolites
train,0.674089160610783,0.5449829107840457,35.7
test,0.5784734173125677,0.596316492547993,36.63636363636363
