,correlation,log10,numMetabolites
train,0.6853696570710521,0.5746291365078791,24.5
test,0.6924589201006607,0.6247507095594282,23.0
