,correlation,log10,numMetabolites
train,0.7141252877588866,0.5093435924484117,48.266666666666666
test,0.6464126368862186,0.5728403594507813,49.72727272727273
