,correlation,log10,numMetabolites
train,0.5326910288709277,0.872508506893171,18.966666666666665
test,0.4958610670900944,0.8590001388553833,19.727272727272727
