,correlation,log10,numMetabolites
train,0.685289062559094,0.5801168803249257,31.866666666666667
test,0.6503479255239757,0.6255086060258935,29.727272727272727
