,correlation,log10,numMetabolites
train,0.6829339044196504,0.5897966074472543,26.6
test,0.623651999126184,0.6447699834280788,26.363636363636363
