,correlation,log10,numMetabolites
train,0.6728335545709528,0.554742142011151,35.833333333333336
test,0.6313994193654427,0.6167420318030202,33.72727272727273
