,correlation,log10,numMetabolites
train,0.3695794431001078,0.7140713538811079,65.3
test,0.34529671472411155,0.7558221113039914,66.54545454545455
