,correlation,log10,numMetabolites
train,0.5588680914786041,0.753843936965202,19.766666666666666
test,0.5930512565868615,0.7732794752875581,19.363636363636363
