,correlation,log10,numMetabolites
train,0.6504860568865183,0.6566861866315452,21.5
test,0.5426982667315738,0.7184744977700255,20.545454545454547
