,correlation,log10,numMetabolites
train,0.730174539423735,0.49828908372728076,38.43333333333333
test,0.6896609539974488,0.5401807579636172,41.27272727272727
