,correlation,log10,numMetabolites
train,0.4438141856090618,0.6626779139401904,66.46666666666667
test,0.42881662445936697,0.6688551793928376,62.45454545454545
