,correlation,log10,numMetabolites
train,0.46398115412884755,0.6778038059259177,65.7
test,0.38982681061307695,0.7464792249394939,62.0
