,correlation,log10,numMetabolites
train,0.5917414000548311,0.7068883052516485,21.533333333333335
test,0.5871455878804247,0.7604496332833013,22.181818181818183
