,correlation,log10,numMetabolites
train,0.6939324057706767,0.5136191000990263,59.5
test,0.6030049789473405,0.5622235840307518,59.63636363636363
