,correlation,log10,numMetabolites
train,0.6217770206100128,0.5733168818855111,46.86666666666667
test,0.5723257386860824,0.622249281589883,44.45454545454545
