,correlation,log10,numMetabolites
train,0.5566142342795517,0.7568708087480965,19.566666666666666
test,0.6094338850180523,0.7238055856636033,19.545454545454547
