,correlation,log10,numMetabolites
train,0.670506757141762,0.6450481072755966,25.266666666666666
test,0.6224372312217639,0.6605338757162463,25.272727272727273
