,correlation,log10,numMetabolites
train,0.2543925505184735,0.8307946190428727,59.06666666666667
test,0.22887518844327207,0.8653336723873234,59.09090909090909
