,correlation,log10,numMetabolites
train,0.7268309097024157,0.47917347927371856,39.96666666666667
test,0.6478999699807534,0.6020055622866802,39.81818181818182
