,correlation,log10,numMetabolites
train,0.5902635247356108,0.7012291458514105,22.9
test,0.49094111373221766,0.7818746010437344,23.0
