,correlation,log10,numMetabolites
train,0.3716072192422438,0.7316254838856303,65.46666666666667
test,0.3039603692138963,0.7375630260577917,64.9090909090909
