,correlation,log10,numMetabolites
train,0.5801247105126617,0.6743353707960861,24.466666666666665
test,0.5230457090660221,0.7408487963269235,25.818181818181817
