,correlation,log10,numMetabolites
train,0.5564473372264008,0.7371708479092349,19.933333333333334
test,0.5993736656861463,0.719561963476607,20.636363636363637
