,correlation,log10,numMetabolites
train,0.551281753580755,0.8139744155113043,17.333333333333332
test,0.5664295940975527,0.7979548148740371,17.545454545454547
