,correlation,log10,numMetabolites
train,0.5296252259675664,0.6380008390036934,65.33333333333333
test,0.47482911180591303,0.6800397004489249,66.54545454545455
