,correlation,log10,numMetabolites
train,0.5859867845619278,0.7554844415964488,19.633333333333333
test,0.6227916492810528,0.7535586924956816,19.90909090909091
