,correlation,log10,numMetabolites
train,0.3487035225688355,0.7829036758557194,61.96666666666667
test,0.36541957016466803,0.7766184428373507,63.54545454545455
