,correlation,log10,numMetabolites
train,0.6707822458839626,0.576188882119559,29.866666666666667
test,0.6302159551217835,0.5998289696542706,29.727272727272727
