,correlation,log10,numMetabolites
train,0.7403358528184008,0.5077743019822454,35.0
test,0.6980700785726698,0.573899678569989,34.63636363636363
