,correlation,log10,numMetabolites
train,0.38016791309981696,0.715714752393362,64.5
test,0.3625721991926699,0.7529626126052738,65.81818181818181
