,correlation,log10,numMetabolites
train,0.705707075348582,0.5310818584019624,32.4
test,0.6849622407032101,0.5803260250704748,33.81818181818182
