,correlation,log10,numMetabolites
train,0.6518917292214427,0.6634725663567002,20.933333333333334
test,0.655640684629695,0.7528172572932913,21.272727272727273
