,correlation,log10,numMetabolites
train,0.5229740613520449,0.8805459319127629,18.033333333333335
test,0.4999898848056692,0.9221030842361547,18.90909090909091
