,correlation,log10,numMetabolites
train,0.5073515764630291,0.6722476959617398,65.2
test,0.5417207760092402,0.6639840442368865,64.0909090909091
