,correlation,log10,numMetabolites
train,0.4418056735753208,0.6931115479681557,66.1
test,0.4871407014494782,0.6856783100856231,64.72727272727273
