,correlation,log10,numMetabolites
train,0.44185241630580896,0.70571875320164,66.13333333333334
test,0.4090421634061234,0.7383126186724628,63.0
