,correlation,log10,numMetabolites
train,0.5214962852704772,0.8744011475232067,18.266666666666666
test,0.5665345217485821,0.9012520844078903,18.09090909090909
