,correlation,log10,numMetabolites
train,0.6044499784979126,0.6647137436549327,22.133333333333333
test,0.5810287111358355,0.6916870445486952,23.0
