,correlation,log10,numMetabolites
train,0.7134614648362648,0.5193252564835342,28.933333333333334
test,0.6888198377291431,0.5964137871228069,29.454545454545453
