,correlation,log10,numMetabolites
train,0.6016219930824461,0.7170303613168091,19.766666666666666
test,0.5406279548903394,0.8035391735638325,19.90909090909091
