,correlation,log10,numMetabolites
train,0.7035785929967066,0.5154785589834757,32.46666666666667
test,0.6237621360197102,0.6076030156096676,33.72727272727273
