,correlation,log10,numMetabolites
train,0.47608819302255995,0.6755471660672744,62.43333333333333
test,0.45312355468256854,0.7137409612081761,63.09090909090909
