,correlation,log10,numMetabolites
train,0.70922595833425,0.531759628260939,31.366666666666667
test,0.6451949435831238,0.6077082022865145,32.81818181818182
