,correlation,log10,numMetabolites
train,0.6814896449193811,0.5042663569431669,39.3
test,0.6384409121981476,0.5728802717181041,40.18181818181818
