,correlation,log10,numMetabolites
train,0.6985243312235453,0.5620075037626285,27.066666666666666
test,0.6357523961269377,0.6268989305052474,25.90909090909091
