,correlation,log10,numMetabolites
train,0.6736379685326809,0.5708531417516447,25.433333333333334
test,0.7081231542628467,0.589032156022143,26.09090909090909
