,correlation,log10,numMetabolites
train,0.7496375157697076,0.5304448551943861,27.066666666666666
test,0.7057031217842469,0.6140124188011853,26.90909090909091
