,correlation,log10,numMetabolites
train,0.5244888820592409,0.8068777999063805,18.566666666666666
test,0.5895161120744902,0.8278034321319587,18.545454545454547
