,correlation,log10,numMetabolites
train,0.7166622543105581,0.5326658821364935,29.5
test,0.7237705822077217,0.5758869445567062,30.363636363636363
