,correlation,log10,numMetabolites
train,0.5064696449107904,0.6557769161268199,65.06666666666666
test,0.4667776797590745,0.7092002653252306,66.45454545454545
