,correlation,log10,numMetabolites
train,0.7387337414650564,0.476587294842861,36.0
test,0.6325281320195618,0.6064169377529394,34.36363636363637
