,correlation,log10,numMetabolites
train,0.6833859613898042,0.5239153997363575,57.63333333333333
test,0.6100537530928326,0.6005372689611025,57.90909090909091
