,correlation,log10,numMetabolites
train,0.7245289856941057,0.50873474525291,33.06666666666667
test,0.6691086712380441,0.5878522242865959,33.27272727272727
