,correlation,log10,numMetabolites
train,0.6750554633900143,0.5072866039776798,52.733333333333334
test,0.6473150954319502,0.5473626345015133,54.27272727272727
