,correlation,log10,numMetabolites
train,0.7358119758940234,0.46469173713253126,45.2
test,0.6944622356557121,0.5327180769248215,43.09090909090909
