,correlation,log10,numMetabolites
train,0.6548370540153899,0.5332522973577534,47.93333333333333
test,0.6263031382499338,0.5920392272536814,47.18181818181818
