,correlation,log10,numMetabolites
train,0.6055393383069544,0.6766414794292104,22.6
test,0.6182845236836618,0.6864676460882532,21.818181818181817
