,correlation,log10,numMetabolites
train,0.7287944636680876,0.5408984303387273,29.5
test,0.7634563073355398,0.5341848156537712,29.90909090909091
