,correlation,log10,numMetabolites
train,0.6995921818780411,0.5233290856660627,37.166666666666664
test,0.6718671254302191,0.5888939656060873,36.72727272727273
