,correlation,log10,numMetabolites
train,0.681470967338596,0.6676310941963937,18.133333333333333
test,0.6069904914235914,0.7136249372567993,18.0
