,correlation,log10,numMetabolites
train,0.7704843751308293,0.45953960579460673,33.2
test,0.6644753796865616,0.5983195048806119,34.81818181818182
