,correlation,log10,numMetabolites
train,0.6475013456438566,0.6978040573578401,19.333333333333332
test,0.6306085400295678,0.725636016901032,18.636363636363637
