,correlation,log10,numMetabolites
train,0.6587744033598941,0.6159174645542984,24.733333333333334
test,0.6535816967089313,0.6526597972891438,26.0
