,correlation,log10,numMetabolites
train,0.7522936349614611,0.47766942923602446,37.03333333333333
test,0.7070269057459716,0.5523000094741067,36.27272727272727
