,correlation,log10,numMetabolites
train,0.6717074102344542,0.6120074839851303,26.066666666666666
test,0.7086089085710532,0.5819711071612284,26.90909090909091
