,correlation,log10,numMetabolites
train,0.7605326622303863,0.5091130300278889,29.166666666666668
test,0.7209215937316632,0.6147620999956529,27.90909090909091
