,correlation,log10,numMetabolites
train,0.5231779127592515,0.8283621340166339,21.866666666666667
test,0.504413004933795,0.7999743189243891,22.0
