,correlation,log10,numMetabolites
train,0.47589264409673493,0.6429558822137679,65.86666666666666
test,0.4196651067895177,0.6755219251384094,66.0
