,correlation,log10,numMetabolites
train,0.7259795989793516,0.513795958642355,34.86666666666667
test,0.666081039187058,0.6153802047421483,32.27272727272727
