,correlation,log10,numMetabolites
train,0.6814658683391396,0.48768126637957565,44.3
test,0.6833568032151087,0.539285996913126,42.81818181818182
