,correlation,log10,numMetabolites
train,0.742946037984805,0.4897422591955764,40.46666666666667
test,0.639685052920177,0.619211454392375,41.0
