,correlation,log10,numMetabolites
train,0.4908505143767421,0.6282819021255658,65.23333333333333
test,0.48048116476142866,0.669833926173649,63.45454545454545
