,correlation,log10,numMetabolites
train,0.6752496824649122,0.5944821778702444,27.266666666666666
test,0.6250371690221677,0.6214976919763546,27.454545454545453
