,correlation,log10,numMetabolites
train,0.7147102877881412,0.5642612842217664,29.7
test,0.5681317519144812,0.6686049752251146,29.454545454545453
