,correlation,log10,numMetabolites
train,0.7067522440439563,0.5218931356901734,49.7
test,0.6267797964244936,0.5900803660062983,47.72727272727273
