,correlation,log10,numMetabolites
train,0.704093626360773,0.5518202301248814,30.8
test,0.6489046499945136,0.6041072319273317,31.272727272727273
