,correlation,log10,numMetabolites
train,0.40278996831809055,0.7152718004388868,65.1
test,0.3240131764187258,0.7727502469904252,63.54545454545455
