,correlation,log10,numMetabolites
train,0.7493134548368702,0.4836165995816495,34.3
test,0.662335887117859,0.5566625388689055,34.45454545454545
