,correlation,log10,numMetabolites
train,0.613486727585605,0.7572904288252705,20.133333333333333
test,0.5568026420748668,0.7834673718112282,19.0
