,correlation,log10,numMetabolites
train,0.666424593335837,0.5391078089268115,55.93333333333333
test,0.6066401354277845,0.5828244826997757,55.27272727272727
