,correlation,log10,numMetabolites
train,0.5662944986223198,0.7697210925321625,19.7
test,0.5960677774698273,0.7850480414550159,18.818181818181817
