,correlation,log10,numMetabolites
train,0.4324026171666768,0.7024164929711364,65.7
test,0.4216342573386799,0.7269270015569278,63.18181818181818
