,correlation,log10,numMetabolites
train,0.5674302268588486,0.7435973337875139,20.066666666666666
test,0.5665765692368965,0.7709029957631561,19.272727272727273
