,correlation,log10,numMetabolites
train,0.6521685484707935,0.6996070123048418,17.766666666666666
test,0.591831778057534,0.750712089693664,17.727272727272727
