,correlation,log10,numMetabolites
train,0.7377069955911557,0.5112395137357902,32.8
test,0.691351981849159,0.5573557348108381,31.636363636363637
