,correlation,log10,numMetabolites
train,0.7432296656085923,0.5803947831333909,25.666666666666668
test,0.6729467215741706,0.627473561997797,26.545454545454547
