,correlation,log10,numMetabolites
train,0.45460734172429723,0.685461880730543,65.63333333333334
test,0.44820030074546013,0.6981361719252864,64.72727272727273
