,correlation,log10,numMetabolites
train,0.45960723126490743,0.7214489254357428,65.4
test,0.39335451162930785,0.7553655903656883,64.36363636363636
