,correlation,log10,numMetabolites
train,0.5756936787877442,0.8083953872894462,18.566666666666666
test,0.5334619542562474,0.9180879111044935,17.727272727272727
