,correlation,log10,numMetabolites
train,0.7401976884169277,0.5330502650073725,35.03333333333333
test,0.6921252021651164,0.6072081446598134,34.90909090909091
