,correlation,log10,numMetabolites
train,0.6524329215692016,0.5357888692675566,53.9
test,0.6392247428877919,0.5694032071501142,55.81818181818182
