,correlation,log10,numMetabolites
train,0.704333458075395,0.6032789283094376,24.766666666666666
test,0.6556098990071195,0.6569750612843719,23.181818181818183
