,correlation,log10,numMetabolites
train,0.6627605937496186,0.5517609901683123,49.13333333333333
test,0.6296267735406308,0.6069783072240593,47.18181818181818
