,correlation,log10,numMetabolites
train,0.7187846937790533,0.5203180367691284,28.133333333333333
test,0.6564682627487882,0.5966052550617752,27.727272727272727
