,correlation,log10,numMetabolites
train,0.6656523227313599,0.5534464867402915,40.56666666666667
test,0.604425804683403,0.5815396591691488,37.72727272727273
