,correlation,log10,numMetabolites
train,0.7355058961567393,0.47929322494211374,37.5
test,0.6870123668646112,0.5687668026498767,36.90909090909091
