,correlation,log10,numMetabolites
train,0.7058463125258743,0.5256367195229572,32.666666666666664
test,0.6290059142785508,0.6241941520003954,32.81818181818182
