,correlation,log10,numMetabolites
train,0.7123251964013616,0.5374659992328538,31.733333333333334
test,0.6897993374196706,0.5871474505591694,32.63636363636363
