,correlation,log10,numMetabolites
train,0.7723211066841148,0.48544041108589375,30.533333333333335
test,0.7089538221550788,0.5565337881413085,32.36363636363637
