,correlation,log10,numMetabolites
train,0.7376596595551653,0.521795891773669,30.6
test,0.7050789563352179,0.5616926453578849,28.818181818181817
