,correlation,log10,numMetabolites
train,0.6698547373473419,0.5418873474234761,51.666666666666664
test,0.6230979071689732,0.6136390893522019,51.63636363636363
