,correlation,log10,numMetabolites
train,0.7066231112463794,0.5947975054770875,22.6
test,0.6686248083048297,0.6642172406600483,21.272727272727273
