,correlation,log10,numMetabolites
train,0.7078646328350947,0.5521348123890476,29.866666666666667
test,0.6789058390786007,0.6173921121860163,29.545454545454547
