,correlation,log10,numMetabolites
train,0.6673120709264763,0.5667529164764818,32.166666666666664
test,0.6824425803929095,0.5959962074021046,31.363636363636363
