,correlation,log10,numMetabolites
train,0.5321914063230051,0.6546394915657986,65.26666666666667
test,0.4710893645803416,0.6751265429406529,63.0
