,correlation,log10,numMetabolites
train,0.6421263176080003,0.7012525188803984,19.933333333333334
test,0.6258724106300199,0.7041295718915331,20.09090909090909
