,correlation,log10,numMetabolites
train,0.40741436232052464,0.7296685378214377,64.93333333333334
test,0.3336613666395541,0.7736637722694042,62.45454545454545
