,correlation,log10,numMetabolites
train,0.6415423904659313,0.6617730409384363,24.3
test,0.6730691649763575,0.6212888625924963,24.181818181818183
