,correlation,log10,numMetabolites
train,0.35306526117424963,0.7501082809742551,58.06666666666667
test,0.39901564568963205,0.7301647077879025,59.09090909090909
