,correlation,log10,numMetabolites
train,0.4391275106034836,0.6882482666631708,64.6
test,0.462614780535409,0.6778965191722542,65.63636363636364
