,correlation,log10,numMetabolites
train,0.6605327176712553,0.5397440779073982,44.93333333333333
test,0.6309110840687381,0.587190371748904,45.81818181818182
