,correlation,log10,numMetabolites
train,0.7161600425136192,0.5142884115889151,51.333333333333336
test,0.6491535528790432,0.6065592928450506,50.81818181818182
