,correlation,log10,numMetabolites
train,0.5667828261662258,0.6622019776592488,28.366666666666667
test,0.4984101614419468,0.7027661689171698,28.181818181818183
