,correlation,log10,numMetabolites
train,0.5315702042760716,0.8623815880154829,18.033333333333335
test,0.5486611362949105,0.914645641629014,18.454545454545453
