,correlation,log10,numMetabolites
train,0.6710910685999377,0.678286124401683,19.066666666666666
test,0.6164901145460058,0.7019175670342843,19.727272727272727
