,correlation,log10,numMetabolites
train,0.6413548878193088,0.6813436197573052,20.3
test,0.637300416357902,0.6576196566049344,19.09090909090909
