,correlation,log10,numMetabolites
train,0.6656093480186613,0.5611846492033845,37.333333333333336
test,0.6750417270798889,0.5677773314742836,38.63636363636363
