,correlation,log10,numMetabolites
train,0.6602107545209225,0.7219913048865698,19.5
test,0.6586992126384715,0.6999976183155794,20.272727272727273
