,correlation,log10,numMetabolites
train,0.533622764937679,0.8291068583333019,21.233333333333334
test,0.491859997026155,0.8264133386550973,19.727272727272727
