,correlation,log10,numMetabolites
train,0.7438304091128001,0.5154779779348643,34.93333333333333
test,0.6326141234556611,0.6123357789448814,31.272727272727273
