,correlation,log10,numMetabolites
train,0.6974764438803457,0.539450956804244,29.5
test,0.7121788883602965,0.5863465550390082,28.454545454545453
