,correlation,log10,numMetabolites
train,0.7187240362879739,0.532250773645417,32.6
test,0.6553210276353835,0.6107993309537402,34.18181818181818
