,correlation,log10,numMetabolites
train,0.6394301182822062,0.5603809670042182,45.86666666666667
test,0.6032473828922598,0.5898809678400315,48.90909090909091
