,correlation,log10,numMetabolites
train,0.7486260226331084,0.5411615943054483,26.1
test,0.734081873809923,0.5921436901370268,25.09090909090909
