,correlation,log10,numMetabolites
train,0.6089897823850232,0.7501261625478758,19.8
test,0.5381256508310848,0.7970504479124255,19.181818181818183
