,correlation,log10,numMetabolites
train,0.7462813162753363,0.5525428195857146,30.633333333333333
test,0.6818633308667738,0.5823218695091653,31.272727272727273
