,correlation,log10,numMetabolites
train,0.5758439487778477,0.7429593426225296,19.133333333333333
test,0.5594386112718962,0.7493191688630803,19.181818181818183
