,correlation,log10,numMetabolites
train,0.6751520442985381,0.5120543620501797,54.1
test,0.5630487346256415,0.6030315500654155,54.27272727272727
