,correlation,log10,numMetabolites
train,0.7176432201026678,0.525541243218827,31.166666666666668
test,0.6440558031700133,0.6221583658716111,29.727272727272727
