,correlation,log10,numMetabolites
train,0.673153485956422,0.5797047915180944,26.866666666666667
test,0.6843884229964526,0.6117631844199002,27.272727272727273
