,correlation,log10,numMetabolites
train,0.7217022012607731,0.5284492638329223,29.933333333333334
test,0.7052256771586861,0.5604518105556611,30.545454545454547
