,correlation,log10,numMetabolites
train,0.6759134887993876,0.5275116112697277,35.666666666666664
test,0.6316947165397736,0.5789645491616692,34.81818181818182
