,correlation,log10,numMetabolites
train,0.5765145995745303,0.6879879443083967,20.8
test,0.5591044942378752,0.7549239446152259,21.272727272727273
