,correlation,log10,numMetabolites
train,0.7021671188337567,0.49973822869099715,58.766666666666666
test,0.6125375205327231,0.5818151505921855,56.36363636363637
