,correlation,log10,numMetabolites
train,0.6055316939956988,0.6018119069269872,40.166666666666664
test,0.634717880015795,0.5878037695214164,40.72727272727273
