,correlation,log10,numMetabolites
train,0.5058817413276223,0.6602915141758142,66.16666666666667
test,0.5032737222069467,0.6811688319965556,65.63636363636364
