,correlation,log10,numMetabolites
train,0.5669282331306492,0.8397004065397995,19.1
test,0.5333975202304088,0.8851570109579076,19.09090909090909
