,correlation,log10,numMetabolites
train,0.710435933259745,0.5726079465845244,25.066666666666666
test,0.719276891437653,0.6179256829422629,24.09090909090909
