,correlation,log10,numMetabolites
train,0.4759919921444958,0.6761254338589076,64.83333333333333
test,0.4230342061508738,0.705806150091396,62.90909090909091
