,correlation,log10,numMetabolites
train,0.6052331218529529,0.6701802626836919,23.366666666666667
test,0.5862079220256908,0.665749561766224,24.727272727272727
