,correlation,log10,numMetabolites
train,0.5883312376619264,0.6789438500646625,26.033333333333335
test,0.5735094295010245,0.7099655396515869,24.363636363636363
