,correlation,log10,numMetabolites
train,0.4831167849030274,0.6620059264731405,65.9
test,0.5008480631902165,0.6860334781137126,63.54545454545455
