,correlation,log10,numMetabolites
train,0.7365143849284251,0.5175195179023379,31.6
test,0.6787236463291522,0.6070439052513552,29.727272727272727
