,correlation,log10,numMetabolites
train,0.7068312524587638,0.5358324633793433,33.233333333333334
test,0.6768805651753698,0.5823048265574609,31.363636363636363
