,correlation,log10,numMetabolites
train,0.7059697672004713,0.5082984121248514,53.86666666666667
test,0.6088731508238756,0.6277653087667985,50.81818181818182
