,correlation,log10,numMetabolites
train,0.5973299241169349,0.7092701317898485,19.1
test,0.5794880283532522,0.7815892254044332,20.0
