,correlation,log10,numMetabolites
train,0.3930151997999215,0.7341894815654403,65.96666666666667
test,0.3834252315122594,0.7341946350137394,63.63636363636363
