,correlation,log10,numMetabolites
train,0.7686108358501872,0.4925206228551819,29.433333333333334
test,0.7490085642550898,0.5335527246112608,29.272727272727273
