,correlation,log10,numMetabolites
train,0.7459590452511062,0.5208990515424817,25.666666666666668
test,0.7159499848691513,0.5898627575106674,26.90909090909091
