,correlation,log10,numMetabolites
train,0.5895818029999863,0.7496327946417476,20.266666666666666
test,0.566626492057688,0.7941433417114451,19.454545454545453
