,correlation,log10,numMetabolites
train,0.45590032748711795,0.6900573334320067,66.26666666666667
test,0.41538204176929694,0.671748387271922,64.0909090909091
