,correlation,log10,numMetabolites
train,0.5076990450309083,0.6539478013780088,65.56666666666666
test,0.4902158328373924,0.6847846799186835,62.0
