,correlation,log10,numMetabolites
train,0.7649586058366744,0.4964662486775889,29.3
test,0.668919440516023,0.6158139088665959,27.727272727272727
