,correlation,log10,numMetabolites
train,0.7203034332886481,0.581493143518027,23.9
test,0.6488848785150061,0.6902282436002938,24.545454545454547
