,correlation,log10,numMetabolites
train,0.6589890276386231,0.5789813742849163,44.4
test,0.6611858222594276,0.5851288211683321,46.0
