,correlation,log10,numMetabolites
train,0.6574932025247527,0.5753699463148524,40.166666666666664
test,0.6243860555996327,0.5964797305384162,37.72727272727273
