,correlation,log10,numMetabolites
train,0.6798646743138945,0.581408807224237,27.133333333333333
test,0.6671275951336068,0.6088515184209663,27.09090909090909
