,correlation,log10,numMetabolites
train,0.5613943022035244,0.7415306388223784,19.5
test,0.6107128930801174,0.761484447294558,20.363636363636363
