,correlation,log10,numMetabolites
train,0.6291828105425178,0.7487597593091604,17.233333333333334
test,0.6143957230632098,0.7664076741415855,18.0
