,correlation,log10,numMetabolites
train,0.5787336670157718,0.7682796871987723,18.266666666666666
test,0.58406221099958,0.7839894292186208,17.454545454545453
