,correlation,log10,numMetabolites
train,0.3155323190033387,0.7969361531657605,59.56666666666667
test,0.26707974257370304,0.8092668490164836,58.45454545454545
