,correlation,log10,numMetabolites
train,0.6618763372448401,0.584725464098092,41.86666666666667
test,0.638034083457518,0.593756679864656,43.81818181818182
