,correlation,log10,numMetabolites
train,0.48731431215274834,0.6795566003769741,64.66666666666667
test,0.49249711043848204,0.6638714920333663,65.0
