,correlation,log10,numMetabolites
train,0.6990471096127991,0.5018191553458989,37.96666666666667
test,0.6242225823387145,0.5833220841678826,38.0
