,correlation,log10,numMetabolites
train,0.6711427753630222,0.5725668277464492,38.43333333333333
test,0.6323976190061507,0.5917499666818876,38.72727272727273
