,correlation,log10,numMetabolites
train,0.7088696477571491,0.4993070222443426,49.833333333333336
test,0.6601423163393804,0.5665758845508889,51.09090909090909
