,correlation,log10,numMetabolites
train,0.6977912192925689,0.5362334530781393,32.86666666666667
test,0.6556642249604172,0.6274567640445948,32.90909090909091
