,correlation,log10,numMetabolites
train,0.6339318372525651,0.6411783938301044,28.266666666666666
test,0.6205451742265237,0.6546257012859346,29.90909090909091
