,correlation,log10,numMetabolites
train,0.6998844132938743,0.5531679608688164,28.566666666666666
test,0.6420073069417755,0.6257268785364263,28.0
