,correlation,log10,numMetabolites
train,0.42300115600131855,0.7006445496294407,65.73333333333333
test,0.4417420697792751,0.730272092874576,63.45454545454545
