,correlation,log10,numMetabolites
train,0.7481490482319507,0.5305824546057057,26.133333333333333
test,0.7622219103432475,0.5718875492652616,25.727272727272727
