,correlation,log10,numMetabolites
train,0.641866661488467,0.576814248994158,50.43333333333333
test,0.5954842949256451,0.5968901199697637,47.72727272727273
