,correlation,log10,numMetabolites
train,0.6634454276134253,0.49402195477006994,54.666666666666664
test,0.6238075225127667,0.5417014564828296,55.0
