,correlation,log10,numMetabolites
train,0.6931218961842732,0.5360257363759793,42.36666666666667
test,0.6457520645837109,0.5721779360934959,43.81818181818182
