,correlation,log10,numMetabolites
train,0.7501933256243042,0.4945099802989715,35.666666666666664
test,0.6556141229463482,0.6193070002783978,33.09090909090909
