,correlation,log10,numMetabolites
train,0.6493111157455005,0.5464583113503195,53.36666666666667
test,0.6251293131220375,0.583065766545436,55.54545454545455
