,correlation,log10,numMetabolites
train,0.6570647729284094,0.6062033432842621,26.8
test,0.66856069263161,0.6199518566816467,26.818181818181817
