,correlation,log10,numMetabolites
train,0.708749839369482,0.5806447905968449,25.033333333333335
test,0.6429095212153192,0.6626271007956023,25.545454545454547
