,correlation,log10,numMetabolites
train,0.637531628560564,0.6736612733805448,21.166666666666668
test,0.5561543501327338,0.771872363445986,20.545454545454547
