,correlation,log10,numMetabolites
train,0.7354734632470116,0.5534853060332016,30.533333333333335
test,0.6377934865089396,0.6222653551815597,29.272727272727273
