,correlation,log10,numMetabolites
train,0.4711871607677983,0.6900115007195343,65.73333333333333
test,0.3970514949316307,0.7366431968729755,63.36363636363637
