,correlation,log10,numMetabolites
train,0.6279340734806365,0.7095337678728887,21.3
test,0.5371250176507969,0.7420736751787683,20.181818181818183
