,correlation,log10,numMetabolites
train,0.33333790065774493,0.7582399334699804,62.2
test,0.30705793308423135,0.777279326359243,63.27272727272727
