,correlation,log10,numMetabolites
train,0.6382819027699359,0.6932459984006163,18.733333333333334
test,0.6409312985019624,0.7551090892234152,19.818181818181817
