,correlation,log10,numMetabolites
train,0.6361445013295718,0.6678414739179672,21.133333333333333
test,0.5823485657735866,0.7118990957840453,21.0
