,correlation,log10,numMetabolites
train,0.4369199361747087,0.6845908302904922,65.1
test,0.4179551359235042,0.7446850671550184,65.81818181818181
