,correlation,log10,numMetabolites
train,0.6321321412529273,0.7013032143458087,19.866666666666667
test,0.605937455243849,0.762522371135224,20.454545454545453
