,correlation,log10,numMetabolites
train,0.6388522767437241,0.6719794795209685,21.6
test,0.5966774831439158,0.6864605905615485,22.272727272727273
