,correlation,log10,numMetabolites
train,0.6800469276142656,0.5069130449826841,58.666666666666664
test,0.6402131905690366,0.5690295004528501,58.63636363636363
