,correlation,log10,numMetabolites
train,0.63063913390293,0.5530411844080192,41.8
test,0.6736420418748474,0.5626700047478241,41.36363636363637
