,correlation,log10,numMetabolites
train,0.4347739850706284,0.6837069580306934,65.93333333333334
test,0.4272545948501035,0.7218355055249979,64.72727272727273
