,correlation,log10,numMetabolites
train,0.3895986914979978,0.7352701643799918,62.53333333333333
test,0.3758378177452615,0.7412052159889992,64.72727272727273
