,correlation,log10,numMetabolites
train,0.7113892637110693,0.5501321005154712,26.966666666666665
test,0.6797913075751798,0.6248308486538797,29.09090909090909
