,correlation,log10,numMetabolites
train,0.6502218576521562,0.6930766174836072,19.0
test,0.5937817776297841,0.7524566973809376,18.90909090909091
