,correlation,log10,numMetabolites
train,0.734404944908285,0.47208779163961373,35.0
test,0.7319101425127617,0.5240740488710304,36.54545454545455
