,correlation,log10,numMetabolites
train,0.7397468295238325,0.4767880599798678,35.13333333333333
test,0.6944324598553758,0.5596616327899923,35.0
