,correlation,log10,numMetabolites
train,0.4680941100956616,0.632418251883583,65.0
test,0.44638652819858754,0.6684815107583985,67.45454545454545
