,correlation,log10,numMetabolites
train,0.6502618995181636,0.5579318994329512,44.266666666666666
test,0.6323589090647067,0.5927484926050628,41.27272727272727
