,correlation,log10,numMetabolites
train,0.7319773442732359,0.5380027950254251,25.833333333333332
test,0.7091708519071909,0.5803618193624117,25.454545454545453
