,correlation,log10,numMetabolites
train,0.580207425208959,0.7578762666796346,20.1
test,0.5605756485993539,0.8083872378065938,19.272727272727273
