,correlation,log10,numMetabolites
train,0.7392193124932848,0.4863330638529607,39.46666666666667
test,0.6619054552102325,0.5641199352449211,39.54545454545455
