,correlation,log10,numMetabolites
train,0.7098740898658392,0.5355349066790454,28.666666666666668
test,0.6486967636145589,0.6146568902046418,29.636363636363637
