,correlation,log10,numMetabolites
train,0.7278844305059048,0.5700917005386102,23.7
test,0.7083190342723487,0.6098800235782408,24.454545454545453
