,correlation,log10,numMetabolites
train,0.47883415395231593,0.6483931884680992,65.4
test,0.37106628369251954,0.727024955837829,65.0
