,correlation,log10,numMetabolites
train,0.6658491236428664,0.5337785743521285,52.733333333333334
test,0.6464076468113432,0.5749731150977746,52.81818181818182
