,correlation,log10,numMetabolites
train,0.6146045249192349,0.6767506864583769,26.066666666666666
test,0.6332096104221502,0.6532195081917659,26.0
