,correlation,log10,numMetabolites
train,0.747811246571979,0.5634059270351455,25.333333333333332
test,0.6963510212882539,0.6474860117304675,23.363636363636363
