,correlation,log10,numMetabolites
train,0.7388812551633008,0.4517596253049239,39.333333333333336
test,0.689454584541237,0.5414586548302543,38.90909090909091
