,correlation,log10,numMetabolites
train,0.727785572375225,0.48307041248144067,36.2
test,0.7197078209150722,0.5144256707898281,34.0
