,correlation,log10,numMetabolites
train,0.7323204266147563,0.5985349635910314,22.7
test,0.6588109662174838,0.6754437346438865,23.0
