,correlation,log10,numMetabolites
train,0.7066472759739935,0.5070937569044951,34.2
test,0.622110155105013,0.5930918033441616,35.09090909090909
