,correlation,log10,numMetabolites
train,0.7081399917185642,0.4918182417119961,60.6
test,0.6617598684194337,0.5314038082161224,59.36363636363637
