,correlation,log10,numMetabolites
train,0.7111725153810938,0.505067738279872,34.63333333333333
test,0.6078379803247637,0.648051346632272,31.90909090909091
