,correlation,log10,numMetabolites
train,0.4915758026474831,0.8224810946724644,23.166666666666668
test,0.5696175755048637,0.7228538697288394,21.727272727272727
