,correlation,log10,numMetabolites
train,0.6528100379192541,0.5981727091575119,26.9
test,0.646452017889604,0.6605808475294871,25.636363636363637
