,correlation,log10,numMetabolites
train,0.6553569826179672,0.5521651246684065,40.333333333333336
test,0.6032948780788977,0.6280180065812263,41.63636363636363
