,correlation,log10,numMetabolites
train,0.7039872622190071,0.5212454163030399,52.8
test,0.6550107993383122,0.5548240240070478,53.18181818181818
