,correlation,log10,numMetabolites
train,0.4789762915993873,0.6804823867606636,66.1
test,0.38061699130313253,0.7300621444882804,63.90909090909091
