,correlation,log10,numMetabolites
train,0.5871532453786711,0.6674447627829548,23.933333333333334
test,0.571220716000944,0.6803513889880931,23.545454545454547
