,correlation,log10,numMetabolites
train,0.6663293607418779,0.6451256960530353,20.266666666666666
test,0.6680993309775507,0.6800701297047612,19.181818181818183
