,correlation,log10,numMetabolites
train,0.4990103032641724,0.6422845025180174,66.3
test,0.5118272338798601,0.6542866187345885,64.36363636363636
