,correlation,log10,numMetabolites
train,0.6692270405605741,0.5190321391419628,56.8
test,0.6079097292765145,0.5846298924801906,56.18181818181818
