,correlation,log10,numMetabolites
train,0.3309429743308157,0.787545023727313,59.63333333333333
test,0.3121227387011529,0.8171532991867358,61.63636363636363
