,correlation,log10,numMetabolites
train,0.6634650477951959,0.6815783692455529,19.633333333333333
test,0.5415378803288075,0.7700715444651838,19.454545454545453
