,correlation,log10,numMetabolites
train,0.7002957143316701,0.5085473981485399,35.333333333333336
test,0.656731972034129,0.5735522928991295,37.36363636363637
