,correlation,log10,numMetabolites
train,0.7062503294790787,0.5075322487482832,37.733333333333334
test,0.7052466838441079,0.5522950185140649,40.81818181818182
