,correlation,log10,numMetabolites
train,0.640572168071155,0.7224247607609854,18.366666666666667
test,0.6052282717544005,0.7458938484364075,19.272727272727273
