,correlation,log10,numMetabolites
train,0.5557976624921809,0.6047316399901027,65.63333333333334
test,0.532298066671329,0.6633086876959041,65.72727272727273
