,correlation,log10,numMetabolites
train,0.6447220819172197,0.555621475560551,41.9
test,0.6381387894071362,0.5691834907345359,40.72727272727273
