,correlation,log10,numMetabolites
train,0.696254105666717,0.5230539132543389,33.3
test,0.5824494511105235,0.6282911521514238,31.636363636363637
