,correlation,log10,numMetabolites
train,0.44092145174125486,0.6687567591150911,64.76666666666667
test,0.4421472484839571,0.6925573531933052,63.45454545454545
