,correlation,log10,numMetabolites
train,0.6966219830470853,0.4918673058997981,55.766666666666666
test,0.624787756592086,0.5607690991810611,56.54545454545455
