,correlation,log10,numMetabolites
train,0.693385777001265,0.6128002445872134,22.833333333333332
test,0.6588742879546255,0.6600819946748455,21.181818181818183
