,correlation,log10,numMetabolites
train,0.6764439805558615,0.5253926216737627,38.5
test,0.7153542784801391,0.5161448171488293,36.45454545454545
