,correlation,log10,numMetabolites
train,0.587840675949502,0.723244652892333,21.133333333333333
test,0.5839491724809168,0.7403139049569365,21.09090909090909
