,correlation,log10,numMetabolites
train,0.7615085757843694,0.5032906133167897,33.166666666666664
test,0.6942881078671488,0.590327588055982,32.27272727272727
