,correlation,log10,numMetabolites
train,0.5197420730645158,0.6225292127175515,66.1
test,0.4697704167249955,0.6797821551113129,65.27272727272727
