,correlation,log10,numMetabolites
train,0.40527340073137236,0.7024123296599718,65.53333333333333
test,0.44413525882167537,0.6902478600956531,63.18181818181818
