,correlation,log10,numMetabolites
train,0.7644566452558157,0.4473297887411275,41.833333333333336
test,0.6976894631989289,0.5626780651403375,40.72727272727273
