,correlation,log10,numMetabolites
train,0.7592616822810746,0.4868257912252499,27.666666666666668
test,0.7057232538634791,0.5647186829663924,29.363636363636363
