,correlation,log10,numMetabolites
train,0.5038693566695416,0.8903379700621243,18.166666666666668
test,0.5909598718304017,0.8673843466963834,18.363636363636363
