,correlation,log10,numMetabolites
train,0.7624693859622406,0.4746032740326395,31.9
test,0.619006199107586,0.6071944780465768,32.90909090909091
