,correlation,log10,numMetabolites
train,0.7214049729088778,0.4895915183233994,34.53333333333333
test,0.6529117119434854,0.6170357030273053,34.0
