,correlation,log10,numMetabolites
train,0.7469154697240812,0.4816396759543524,36.833333333333336
test,0.6891416999103354,0.5411747434700804,35.72727272727273
