,correlation,log10,numMetabolites
train,0.7014995730866069,0.5152329326594846,38.53333333333333
test,0.6069977819592721,0.6306724022208513,41.09090909090909
