,correlation,log10,numMetabolites
train,0.6370011772654612,0.6959068780430513,20.733333333333334
test,0.5654320902978314,0.7313916888231624,20.181818181818183
