,correlation,log10,numMetabolites
train,0.6843027526531463,0.4991206300294648,53.03333333333333
test,0.6377230183054162,0.5733095942016234,51.09090909090909
