,correlation,log10,numMetabolites
train,0.7354964713141534,0.49841911740462025,35.9
test,0.6656383254491748,0.5912210985737195,32.54545454545455
