,correlation,log10,numMetabolites
train,0.5417298461215653,0.8192464023835027,19.066666666666666
test,0.4822319251265526,0.9119643917189205,19.727272727272727
