,correlation,log10,numMetabolites
train,0.7456433370942859,0.4785879223550763,35.93333333333333
test,0.6659042452721097,0.5876087884750157,34.36363636363637
