,correlation,log10,numMetabolites
train,0.6499932156847311,0.5249566890194747,55.5
test,0.6061163808608743,0.5578778223200502,54.81818181818182
