,correlation,log10,numMetabolites
train,0.6776422713794461,0.4968002604953807,59.1
test,0.6313463562922642,0.5593713024246662,59.36363636363637
