,correlation,log10,numMetabolites
train,0.42052080142780773,0.6638377626292387,65.76666666666667
test,0.4163552166640368,0.6745270472533693,63.45454545454545
