,correlation,log10,numMetabolites
train,0.6995258247685672,0.48179904193359835,56.733333333333334
test,0.6016363821977014,0.5852616520497104,53.81818181818182
