,correlation,log10,numMetabolites
train,0.7294077035574545,0.47785692068872593,42.53333333333333
test,0.6721621934845105,0.5557543494190113,43.45454545454545
