,correlation,log10,numMetabolites
train,0.5022112469896884,0.6585174446684924,66.16666666666667
test,0.4294630343264825,0.7215123879473893,64.9090909090909
