,correlation,log10,numMetabolites
train,0.6317952157920964,0.5424443710819183,50.5
test,0.5992597181108583,0.5798818214326485,48.09090909090909
