,correlation,log10,numMetabolites
train,0.7253955851102682,0.4946845639976967,36.96666666666667
test,0.6628493424941312,0.595115851397509,37.27272727272727
