,correlation,log10,numMetabolites
train,0.369316254405517,0.7544053364648331,65.1
test,0.36184937813093715,0.7654050804986793,66.81818181818181
