,correlation,log10,numMetabolites
train,0.39003759667546856,0.7152281633607256,65.43333333333334
test,0.3780114018836828,0.762103745035902,62.81818181818182
