,correlation,log10,numMetabolites
train,0.6973176887480005,0.5365212639774531,31.4
test,0.6733412862793909,0.5872441879763192,30.181818181818183
