,correlation,log10,numMetabolites
train,0.7252610268513424,0.5130835962570003,36.333333333333336
test,0.63711079263166,0.6183878770631666,36.09090909090909
