,correlation,log10,numMetabolites
train,0.6920831893837833,0.5976450751209282,26.966666666666665
test,0.6371497538445682,0.6686077095819677,25.363636363636363
