,correlation,log10,numMetabolites
train,0.5825662014259765,0.61874804755384,65.36666666666666
test,0.5220637883664039,0.6576586915134787,64.18181818181819
