,correlation,log10,numMetabolites
train,0.34847478603293197,0.7389627976688407,65.66666666666667
test,0.35992923859354337,0.7549585236521413,65.36363636363636
