,correlation,log10,numMetabolites
train,0.6844795672987886,0.6044413177054728,25.133333333333333
test,0.667702519626097,0.6109268360160937,25.818181818181817
