,correlation,log10,numMetabolites
train,0.6814750238698394,0.5843426189106125,26.533333333333335
test,0.6085619465594914,0.6739741915490517,23.818181818181817
