,correlation,log10,numMetabolites
train,0.716521027282633,0.5161453602738291,28.366666666666667
test,0.6506190228671163,0.604079679935986,28.0
