,correlation,log10,numMetabolites
train,0.6825214580880267,0.6395893386043737,21.233333333333334
test,0.6132277214770412,0.684466078967075,20.818181818181817
