,correlation,log10,numMetabolites
train,0.6889817272677554,0.5204700566221133,54.733333333333334
test,0.6378040008225593,0.589516669147867,54.90909090909091
