,correlation,log10,numMetabolites
train,0.7216774310058021,0.5175293199171717,29.7
test,0.683788139351884,0.577862715929746,29.363636363636363
