,correlation,log10,numMetabolites
train,0.7476060144941404,0.46796615879343595,35.833333333333336
test,0.7293548398694871,0.5392887122366505,36.18181818181818
