,correlation,log10,numMetabolites
train,0.673100931765703,0.5995073200750901,31.966666666666665
test,0.6347181220951641,0.616336026314825,33.18181818181818
