,correlation,log10,numMetabolites
train,0.44780761776765243,0.6898989431785443,64.5
test,0.37323803371431913,0.7532710631725251,61.63636363636363
