,correlation,log10,numMetabolites
train,0.5245008284432673,0.8854953032171569,17.8
test,0.5367022250651756,0.8883087826896052,19.454545454545453
