,correlation,log10,numMetabolites
train,0.34504304131519276,0.7578675266834964,62.53333333333333
test,0.3077419227329376,0.8129323056788621,60.27272727272727
