,correlation,log10,numMetabolites
train,0.6813948049661743,0.6889738200545337,18.766666666666666
test,0.6177950784194466,0.7511065594229486,17.727272727272727
