,correlation,log10,numMetabolites
train,0.4266606701045993,0.766698622101306,60.56666666666667
test,0.4398806993275894,0.7474723514124729,61.45454545454545
