,correlation,log10,numMetabolites
train,0.7073528486632096,0.5462290055758617,32.5
test,0.599134710705571,0.6736432549487115,34.0
