,correlation,log10,numMetabolites
train,0.7111637365996046,0.5418613619448384,32.53333333333333
test,0.6799935455340379,0.6011360212725937,33.90909090909091
