,correlation,log10,numMetabolites
train,0.6591364931881264,0.7166707788379811,19.866666666666667
test,0.6335534741727485,0.7423752306109574,18.181818181818183
