,correlation,log10,numMetabolites
train,0.6479319540887836,0.5694578789013117,45.733333333333334
test,0.6165573417759103,0.5988678469411579,46.18181818181818
