,correlation,log10,numMetabolites
train,0.7183840795979457,0.5851506867444524,24.733333333333334
test,0.68224990315144,0.6506450532633451,24.90909090909091
