,correlation,log10,numMetabolites
train,0.7346028334991505,0.4854644358322731,33.53333333333333
test,0.6778790312249755,0.5619606431627544,35.90909090909091
