,correlation,log10,numMetabolites
train,0.713217073813255,0.5017480893424288,36.56666666666667
test,0.6869093814886456,0.5638724521304681,40.36363636363637
