,correlation,log10,numMetabolites
train,0.6378042817195272,0.6706753382799473,20.7
test,0.6041864467241184,0.7296726487818149,20.0
