,correlation,log10,numMetabolites
train,0.7239193915924129,0.5289752310907908,31.733333333333334
test,0.6909728795729437,0.5714355423695696,32.45454545454545
