,correlation,log10,numMetabolites
train,0.7507253072934991,0.5112006813481856,32.166666666666664
test,0.7089957962056461,0.5602800507119624,32.0
