,correlation,log10,numMetabolites
train,0.6640976194383533,0.5249508503041896,58.53333333333333
test,0.6283858454271752,0.5417099583623984,56.36363636363637
