,correlation,log10,numMetabolites
train,0.7117840890143279,0.5607808453669975,31.333333333333332
test,0.7017538987698578,0.6011189696033046,32.45454545454545
