,correlation,log10,numMetabolites
train,0.6364456482807765,0.5952900265282024,27.966666666666665
test,0.6278310911687893,0.5992448691641776,26.363636363636363
