,correlation,log10,numMetabolites
train,0.7467671713709668,0.4703529649577272,40.3
test,0.6649629906642588,0.5626837606223696,39.45454545454545
