,correlation,log10,numMetabolites
train,0.6365463121614605,0.6531598365498296,22.466666666666665
test,0.6078584519420471,0.6784959692989535,21.545454545454547
