,correlation,log10,numMetabolites
train,0.5833767410351655,0.7135351059118767,21.7
test,0.5611429444663638,0.7660347745906901,21.727272727272727
