,correlation,log10,numMetabolites
train,0.7146110876993695,0.4949596539073332,35.86666666666667
test,0.6291688906383959,0.5893415064242332,34.36363636363637
