,correlation,log10,numMetabolites
train,0.6588776444253913,0.6088749894604087,26.366666666666667
test,0.6694624896438698,0.6695057263577963,28.0
