,correlation,log10,numMetabolites
train,0.3497964154763812,0.7351539766723748,66.16666666666667
test,0.3587326898105819,0.7401723739674096,64.0909090909091
