,correlation,log10,numMetabolites
train,0.6209990393828503,0.7151506718386912,19.533333333333335
test,0.5515583242491919,0.7531800800072809,19.09090909090909
