,correlation,log10,numMetabolites
train,0.3416881600339506,0.7804475979153839,63.0
test,0.3393467831932192,0.749186692919248,62.36363636363637
