,correlation,log10,numMetabolites
train,0.6481288476176809,0.6862395099336919,21.1
test,0.6188526452817319,0.7104781787263582,20.636363636363637
