,correlation,log10,numMetabolites
train,0.6030863403295446,0.6849236376725641,21.0
test,0.5815363221499135,0.7567760734943793,20.90909090909091
