,correlation,log10,numMetabolites
train,0.4979747223331809,0.8300143551622122,20.066666666666666
test,0.5499492083194878,0.8082695114081759,20.363636363636363
