,correlation,log10,numMetabolites
train,0.7462735773656137,0.49803921815501967,31.4
test,0.6946940263448085,0.5509024679856924,32.54545454545455
