,correlation,log10,numMetabolites
train,0.6992511036221416,0.499021817202241,38.0
test,0.6161625044702528,0.6404145747555879,36.90909090909091
