,correlation,log10,numMetabolites
train,0.80257482314613,0.4741451797475742,31.133333333333333
test,0.7049734927570035,0.5800905806523302,30.727272727272727
