,correlation,log10,numMetabolites
train,0.6685483115434241,0.6650985868639512,18.2
test,0.6374221245280757,0.7539895919285532,18.90909090909091
