,correlation,log10,numMetabolites
train,0.6559188468970493,0.6616425377953171,21.9
test,0.5584213155232072,0.7372061329850517,21.636363636363637
