,correlation,log10,numMetabolites
train,0.6744588944910724,0.5918022093626031,27.0
test,0.6359311550975916,0.6126089899524273,27.09090909090909
