,correlation,log10,numMetabolites
train,0.43259279083498636,0.6873170099502658,66.06666666666666
test,0.3886017548973411,0.7436745222595605,64.9090909090909
