,correlation,log10,numMetabolites
train,0.6744566067652991,0.6725448156433468,19.233333333333334
test,0.629546532707649,0.718660604345281,19.545454545454547
