,correlation,log10,numMetabolites
train,0.5671392342014073,0.617532232139049,66.06666666666666
test,0.5723375549755723,0.6795808834435421,64.0
