,correlation,log10,numMetabolites
train,0.6499434823004805,0.573587315828537,41.36666666666667
test,0.580765017916317,0.6572355122878832,40.63636363636363
