,correlation,log10,numMetabolites
train,0.7353673489321956,0.4841986814401313,34.96666666666667
test,0.6637592897973844,0.5765642699716388,34.36363636363637
