,correlation,log10,numMetabolites
train,0.6849346562333961,0.53038418788543,57.333333333333336
test,0.6155839579460074,0.5998150383717836,56.45454545454545
