,correlation,log10,numMetabolites
train,0.47813500049802965,0.6727357623892863,65.9
test,0.4499398928793864,0.6877535248614369,63.27272727272727
