,correlation,log10,numMetabolites
train,0.7757738563584059,0.47112230712862974,34.4
test,0.6911260187326794,0.5839999747730539,35.54545454545455
