,correlation,log10,numMetabolites
train,0.543519908977481,0.7907536614677778,18.233333333333334
test,0.5942434496255076,0.7613403841659991,17.454545454545453
