,correlation,log10,numMetabolites
train,0.5060809641836214,0.6768977960224248,65.5
test,0.4996872774070109,0.701354906168694,65.0909090909091
