,correlation,log10,numMetabolites
train,0.7189541878700173,0.4649714034377957,46.13333333333333
test,0.6432899724642991,0.5452601508385331,45.81818181818182
