,correlation,log10,numMetabolites
train,0.4750539235182472,0.6478014383390938,65.6
test,0.3793300254359595,0.7050922927818587,61.90909090909091
