,correlation,log10,numMetabolites
train,0.6359992304302383,0.6907609970937866,21.733333333333334
test,0.6897439936826474,0.6643875769233715,19.727272727272727
