,correlation,log10,numMetabolites
train,0.7530919725741183,0.4913800773176719,33.2
test,0.6748959707779812,0.56218949601109,35.63636363636363
