,correlation,log10,numMetabolites
train,0.60621456404591,0.5908730703991746,48.2
test,0.5716493568908413,0.6414264909565078,46.45454545454545
