,correlation,log10,numMetabolites
train,0.7453862644312151,0.49202072288442394,29.6
test,0.7236710126674228,0.5556470266711399,30.818181818181817
