,correlation,log10,numMetabolites
train,0.5617376224279234,0.754993271624338,19.433333333333334
test,0.5792511307989091,0.7483113206601003,19.636363636363637
